ba,region,month,days,hours,peak_hour_pct_error_mean,peak_hour_abs_pct_error_mean,worst_under_forecast_pct,under_forecast_day_share,mean_demand_mw,imputed_share,hours_implausible,mape,bias_pct,rmse_mw
AECI,MIDW,2024-01,31,744,-0.023638,0.034116,-0.094499,0.741935,3708.803763,0.000000,0,0.037053,-0.004327,172.038755
AECI,MIDW,2024-02,29,696,-0.010772,0.031167,-0.078330,0.551724,2449.504310,0.000000,0,0.043397,0.018091,128.128522
AECI,MIDW,2024-03,31,743,-0.023597,0.038033,-0.134247,0.774194,2133.723410,0.000000,0,0.040563,-0.000413,114.041290
AECI,MIDW,2024-04,30,720,-0.000725,0.042585,-0.093075,0.500000,1949.908333,0.000000,0,0.040588,0.013499,98.057098
AECI,MIDW,2024-05,31,744,-0.022443,0.041949,-0.135035,0.645161,2057.865591,0.000000,0,0.036675,-0.003316,109.376637
AECI,MIDW,2024-06,30,720,-0.004285,0.026138,-0.062959,0.566667,2699.869444,0.000000,0,0.033097,0.006638,122.918853
AECI,MIDW,2024-07,31,744,-0.009001,0.048169,-0.119143,0.580645,2780.493280,0.000000,0,0.039558,-0.002570,160.668973
AECI,MIDW,2024-08,31,744,0.002156,0.042577,-0.084540,0.580645,2762.004032,0.000000,0,0.029597,0.007173,122.152431
AECI,MIDW,2024-09,30,720,-0.014806,0.043991,-0.100625,0.666667,2250.886111,0.000000,0,0.030155,-0.004967,93.828582
AECI,MIDW,2024-10,31,744,-0.001081,0.033167,-0.092238,0.548387,1981.158602,0.000000,0,0.030477,0.004469,79.786198
AECI,MIDW,2024-11,30,721,-0.018358,0.036857,-0.100389,0.733333,2176.934111,0.000000,0,0.033860,0.000272,96.729372
AECI,MIDW,2024-12,31,744,-0.025100,0.035495,-0.096105,0.774194,2747.342742,0.000000,0,0.036789,-0.007880,124.954191
AECI,MIDW,2025-01,31,744,-0.005632,0.009219,-0.023690,0.709677,3500.733871,0.000000,0,0.013604,-0.000074,60.508286
AECI,MIDW,2025-02,28,672,-0.004784,0.012991,-0.038779,0.678571,3245.821429,0.000000,0,0.015749,-0.002914,69.181471
AECI,MIDW,2025-03,31,743,-0.012581,0.016439,-0.054179,0.774194,2150.345956,0.000000,0,0.018430,-0.001051,51.543589
AECI,MIDW,2025-04,30,720,-0.010192,0.013456,-0.035088,0.800000,1969.244444,0.000000,0,0.015598,-0.000496,38.613811
AECI,MIDW,2025-05,31,744,-0.007431,0.014450,-0.058305,0.709677,1907.697581,0.000000,0,0.014548,-0.001807,36.373363
AECI,MIDW,2025-06,30,720,-0.007751,0.016180,-0.031947,0.766667,2551.608333,0.000000,0,0.014557,-0.001525,51.557236
AECI,MIDW,2025-07,31,744,0.000080,0.008583,-0.018757,0.516129,3048.974462,0.000000,0,0.012405,0.000807,47.304777
AECI,MIDW,2025-08,31,744,-0.000589,0.013368,-0.047302,0.548387,2715.618280,0.000000,0,0.013938,0.001306,49.460340
AECI,MIDW,2025-09,30,720,-0.000272,0.013873,-0.032403,0.533333,2315.294444,0.000000,0,0.014703,-0.002854,45.210280
AECI,MIDW,2025-10,31,744,-0.007721,0.016462,-0.055442,0.645161,2066.001344,0.000000,0,0.013690,-0.001057,36.833942
AECI,MIDW,2025-11,30,721,-0.009382,0.016985,-0.058418,0.733333,2226.421000,0.000000,0,0.018982,-0.003382,58.406652
AECI,MIDW,2025-12,31,744,-0.010063,0.020830,-0.071282,0.774194,2906.594086,0.000000,0,0.019541,-0.003609,73.212581
AECI,MIDW,2026-01,31,744,-0.004251,0.010713,-0.037139,0.612903,3346.955645,0.000000,0,0.016079,-0.001299,71.145882
AECI,MIDW,2026-02,28,672,-0.009133,0.014959,-0.068538,0.750000,2641.407738,0.000000,0,0.016738,-0.002003,54.713540
AECI,MIDW,2026-03,31,743,-0.023046,0.028513,-0.102642,0.806452,2172.684607,0.000000,0,0.023306,-0.007606,76.594183
AECI,MIDW,2026-04,30,720,-0.005618,0.013122,-0.038814,0.633333,1910.590278,0.000000,0,0.016848,-0.001983,41.308443
AECI,MIDW,2026-05,31,744,-0.010178,0.016599,-0.053049,0.741935,2005.782258,0.000000,0,0.016532,-0.005364,44.224729
AECI,MIDW,2026-06,30,720,-0.002955,0.014888,-0.027743,0.733333,2542.781944,0.000000,0,0.017703,-0.002941,61.165361
AECI,MIDW,2026-07,31,744,-0.001145,0.012042,-0.026965,0.580645,3024.134409,0.000000,0,0.014274,0.000353,58.750074
AECI,MIDW,2026-08,31,744,0.014423,0.022662,-0.033002,0.258065,2951.341398,0.000000,0,0.023473,0.014513,90.262967
AECI,MIDW,2026-09,7,168,-0.014476,0.014476,-0.021828,1.000000,3456.351190,0.000000,0,0.046596,-0.003005,181.776207
AVA,NW,2024-01,30,720,-0.005762,0.026745,-0.073714,0.500000,1791.329167,0.000000,0,0.022985,0.000745,59.712424
AVA,NW,2024-02,29,696,0.000415,0.012492,-0.067302,0.344828,1628.133621,0.000000,0,0.014594,0.004937,35.078422
AVA,NW,2024-03,31,743,0.000755,0.011346,-0.019596,0.516129,1498.075970,0.000000,0,0.017229,0.008567,33.497755
AVA,NW,2024-04,30,720,0.001799,0.010905,-0.027701,0.366667,1369.791667,0.000000,0,0.015468,0.002845,30.029222
AVA,NW,2024-05,31,744,0.000471,0.017810,-0.062927,0.483871,1332.111559,0.000000,0,0.015908,0.003491,32.678316
AVA,NW,2024-06,30,720,-0.016811,0.024202,-0.062885,0.800000,1314.883333,0.000000,0,0.015334,-0.001534,29.232830
AVA,NW,2024-07,31,744,0.000265,0.017794,-0.053498,0.612903,1560.552419,0.000000,0,0.016218,0.007071,34.906269
AVA,NW,2024-08,31,744,-0.002508,0.029828,-0.052522,0.580645,1446.879032,0.000000,0,0.021857,0.005823,52.652492
AVA,NW,2024-09,30,720,-0.009598,0.021280,-0.045793,0.800000,1308.873611,0.000000,0,0.015224,0.005575,31.255155
AVA,NW,2024-10,31,744,-0.014843,0.025411,-0.393871,0.580645,1303.346774,0.000000,0,0.015745,0.001933,48.982441
AVA,NW,2024-11,30,721,-0.008900,0.018046,-0.074474,0.566667,1512.860056,0.000000,0,0.015414,-0.001811,33.213302
AVA,NW,2024-12,31,744,-0.000668,0.021175,-0.034355,0.548387,1628.272849,0.000000,0,0.017555,0.004839,38.887365
AVA,NW,2025-01,31,744,-0.002380,0.015473,-0.092166,0.483871,1762.950269,0.000000,0,0.014931,0.004416,37.605747
AVA,NW,2025-02,28,672,-0.005505,0.016895,-0.039019,0.678571,1774.211310,0.000000,0,0.016057,-0.000762,37.752799
AVA,NW,2025-03,31,743,-0.004353,0.013325,-0.061856,0.548387,1455.168478,0.000000,0,0.018541,0.007234,36.522270
AVA,NW,2025-04,30,719,0.001548,0.018944,-0.049041,0.500000,1354.905556,0.000000,1,0.017337,0.000272,33.608707
AVA,NW,2025-05,31,744,-0.010045,0.021732,-0.109337,0.645161,1313.200269,0.000000,0,0.014122,-0.000432,28.501934
AVA,NW,2025-06,30,720,-0.001850,0.022277,-0.044059,0.600000,1419.387500,0.000000,0,0.016354,0.003723,34.184548
AVA,NW,2025-07,31,744,-0.006763,0.025045,-0.143824,0.451613,1543.104839,0.000000,0,0.017354,0.008230,42.282301
AVA,NW,2025-08,31,744,-0.000006,0.023469,-0.056883,0.548387,1496.491935,0.000000,0,0.018786,0.007379,42.485940
AVA,NW,2025-09,30,720,0.002439,0.026116,-0.077536,0.500000,1388.065278,0.000000,0,0.021525,0.012619,46.221207
AVA,NW,2025-10,31,742,-0.007951,0.018102,-0.084018,0.677419,2685.073925,0.000000,2,0.015441,-0.002723,33.192244
AVA,NW,2025-11,30,721,-0.010303,0.016931,-0.049054,0.733333,1457.181611,0.000000,0,0.018023,0.001625,37.324253
AVA,NW,2025-12,31,744,-0.003756,0.017438,-0.045184,0.580645,1568.049731,0.000000,0,0.017440,0.000174,37.165280
AVA,NW,2026-01,31,744,-0.006703,0.015034,-0.047141,0.612903,1671.618280,0.000000,0,0.014276,-0.004547,35.586900
AVA,NW,2026-02,28,672,-0.008807,0.014849,-0.043240,0.607143,1584.226190,0.000000,0,0.017421,-0.003972,39.605476
AVA,NW,2026-03,31,743,-0.010683,0.012762,-0.046758,0.774194,1447.997838,0.000000,0,0.017253,-0.000387,38.162947
AVA,NW,2026-04,30,720,-0.002793,0.017411,-0.104732,0.500000,1350.995833,0.000000,0,0.017199,0.004518,37.389690
AVA,NW,2026-05,31,744,-0.020959,0.030393,-0.173681,0.709677,1310.645161,0.000000,0,0.017544,-0.004837,34.073943
AVA,NW,2026-06,30,720,-0.002094,0.020111,-0.054608,0.566667,1343.847222,0.000000,0,0.016658,0.001796,33.397563
AVA,NW,2026-07,30,720,-0.008748,0.023449,-0.123986,0.666667,1540.343056,0.000000,0,0.016603,0.000834,39.903077
AVA,NW,2026-08,31,744,-0.010755,0.026988,-0.046572,0.774194,1469.805108,0.000000,0,0.016706,-0.002428,34.296913
AVA,NW,2026-09,7,168,0.016281,0.022621,-0.022189,0.142857,1221.565476,0.000000,0,0.020533,0.011272,34.584610
AZPS,SW,2024-01,31,743,-0.070441,0.071264,-0.614059,0.903226,3501.512097,0.000000,1,0.040752,-0.014204,387.422354
AZPS,SW,2024-02,29,696,-0.026937,0.029316,-0.116850,0.896552,3175.143678,0.000000,0,0.042425,-0.012691,189.442846
AZPS,SW,2024-03,31,744,-0.035553,0.038152,-0.641479,0.774194,3044.073925,0.000000,0,0.050039,-0.030257,361.588279
AZPS,SW,2024-04,30,720,-0.000682,0.018690,-0.047258,0.566667,3078.211111,0.000000,0,0.041039,0.010546,159.834902
AZPS,SW,2024-05,31,744,-0.016423,0.035423,-0.573503,0.516129,3700.017473,0.000000,0,0.036824,-0.003897,260.911718
AZPS,SW,2024-06,30,720,-0.004484,0.029686,-0.070977,0.633333,5192.873611,0.000000,0,0.031479,-0.006425,221.503351
AZPS,SW,2024-07,31,744,-0.004408,0.022633,-0.062031,0.451613,6008.888441,0.000000,0,0.028705,-0.009338,239.129456
AZPS,SW,2024-08,31,744,-0.001838,0.030411,-0.082374,0.548387,5692.942204,0.000000,0,0.037129,-0.011115,293.420874
AZPS,SW,2024-09,30,720,-0.016338,0.027052,-0.054922,0.733333,5010.320833,0.000000,0,0.037329,-0.027473,243.713177
AZPS,SW,2024-10,31,744,-0.021569,0.024109,-0.088206,0.838710,4125.716398,0.000000,0,0.043118,-0.030922,219.726532
AZPS,SW,2024-11,30,720,-0.008219,0.024817,-0.054870,0.600000,3207.520833,0.000000,0,0.049270,-0.024693,207.146804
AZPS,SW,2024-12,31,744,-0.025848,0.032424,-0.265076,0.838710,3387.455645,0.000000,0,0.054633,-0.031833,253.083152
AZPS,SW,2025-01,31,744,-0.006994,0.031349,-0.134259,0.516129,3615.125000,0.000000,0,0.058697,-0.022180,274.069979
AZPS,SW,2025-02,28,671,-0.155077,0.155077,-0.621274,1.000000,3797.739583,0.000000,1,0.160845,-0.157711,704.993846
AZPS,SW,2025-03,31,744,-0.082726,0.094947,-0.234964,0.838710,3565.575269,0.000000,0,0.127229,-0.099030,532.598063
AZPS,SW,2025-04,30,720,-0.012302,0.033856,-0.149301,0.566667,3407.350000,0.000000,0,0.083355,-0.011082,336.441814
AZPS,SW,2025-05,31,744,-0.013153,0.037438,-0.183968,0.612903,4028.471774,0.000000,0,0.089270,-0.019113,425.564780
AZPS,SW,2025-06,30,720,-0.006384,0.029600,-0.081029,0.533333,5150.359722,0.000000,0,0.090087,-0.020621,517.082047
AZPS,SW,2025-07,31,744,0.005030,0.026215,-0.070334,0.387097,5788.731183,0.000000,0,0.076496,-0.020420,504.713959
AZPS,SW,2025-08,31,744,-0.002411,0.030869,-0.086144,0.483871,6156.305108,0.000000,0,0.074924,-0.039677,536.822187
AZPS,SW,2025-09,30,720,-0.047980,0.055248,-0.154332,0.766667,5379.113889,0.000000,0,0.094252,-0.073650,581.656714
AZPS,SW,2025-10,31,744,-0.082195,0.082768,-0.216760,0.967742,4201.762097,0.000000,0,0.112650,-0.090926,550.885535
AZPS,SW,2025-11,30,720,-0.112284,0.112284,-0.191126,1.000000,3974.306944,0.000000,0,0.120503,-0.117936,535.785853
AZPS,SW,2025-12,31,744,-0.141177,0.141177,-0.211967,1.000000,4082.348118,0.000000,0,0.141176,-0.139206,624.010285
AZPS,SW,2026-01,31,744,-0.123122,0.123122,-0.164225,1.000000,4041.043011,0.000000,0,0.117192,-0.109921,530.628848
AZPS,SW,2026-02,27,648,-0.118148,0.118148,-0.179202,1.000000,3875.379630,0.000000,0,0.107666,-0.101679,477.504439
AZPS,SW,2026-03,31,744,-0.062700,0.087769,-0.602359,0.709677,4100.721774,0.000000,0,0.081947,-0.040123,499.867119
AZPS,SW,2026-04,30,720,0.006907,0.039442,-0.065496,0.466667,3756.543056,0.000000,0,0.084104,0.032984,376.843834
AZPS,SW,2026-05,31,743,0.002437,0.039895,-0.095806,0.483871,4386.450269,0.000000,1,0.081404,0.009236,427.585136
AZPS,SW,2026-06,30,720,0.017643,0.026901,-0.032567,0.433333,5512.398611,0.000000,0,0.089377,0.026018,554.642844
AZPS,SW,2026-07,31,744,0.002362,0.032992,-0.123678,0.516129,6335.891129,0.000000,0,0.067587,-0.009247,490.771815
AZPS,SW,2026-08,31,744,0.007686,0.031503,-0.144079,0.322581,6634.471774,0.000000,0,0.070528,-0.011426,540.849243
AZPS,SW,2026-09,7,168,-0.040631,0.040631,-0.079646,1.000000,5940.017857,0.000000,0,0.076546,-0.024867,512.151728
BANC,CAL,2024-01,31,744,-0.018531,0.022742,-0.069489,0.774194,1859.806452,0.000000,0,0.019702,-0.012099,57.617680
BANC,CAL,2024-02,29,696,-0.016456,0.019715,-0.092574,0.758621,1791.735632,0.000000,0,0.018202,-0.006366,53.506418
BANC,CAL,2024-03,31,743,-0.016690,0.020169,-0.056997,0.838710,1688.550666,0.000000,0,0.018919,0.000372,47.637723
BANC,CAL,2024-04,30,720,-0.009773,0.021531,-0.119936,0.566667,1652.166667,0.000000,0,0.015654,-0.001485,40.402764
BANC,CAL,2024-05,31,744,0.006235,0.028206,-0.070556,0.387097,1846.211022,0.000000,0,0.019944,0.008754,59.212473
BANC,CAL,2024-06,30,720,0.008256,0.028625,-0.058400,0.433333,2382.034722,0.000000,0,0.026898,0.006622,92.197192
BANC,CAL,2024-07,31,744,0.021063,0.038208,-0.103778,0.290323,2833.975806,0.000000,0,0.029752,0.010699,121.478022
BANC,CAL,2024-08,31,744,0.020204,0.030698,-0.023976,0.354839,2444.494624,0.000000,0,0.023271,0.015885,88.763163
BANC,CAL,2024-09,30,720,0.005672,0.030126,-0.089366,0.400000,2242.076389,0.000000,0,0.023351,0.011551,104.452701
BANC,CAL,2024-10,31,744,-0.015762,0.027174,-0.188379,0.677419,1987.602151,0.000000,0,0.022039,-0.000951,85.521770
BANC,CAL,2024-11,30,721,0.000223,0.022174,-0.045813,0.600000,1818.868556,0.000000,0,0.020473,0.001795,58.422074
BANC,CAL,2024-12,31,744,-0.019584,0.033954,-0.482640,0.580645,1891.858871,0.000000,0,0.018360,-0.002014,82.509033
BANC,CAL,2025-01,31,744,-0.024419,0.030217,-0.065365,0.838710,1904.084677,0.000000,0,0.018815,-0.009749,48.503007
BANC,CAL,2025-02,28,672,-0.007448,0.020145,-0.054992,0.750000,1866.758929,0.000000,0,0.020118,-0.001658,49.777989
BANC,CAL,2025-03,31,743,-0.002752,0.018286,-0.085185,0.516129,1767.280446,0.000000,0,0.019052,0.007823,45.223239
BANC,CAL,2025-04,30,720,0.018310,0.025920,-0.062364,0.100000,1691.759722,0.000000,0,0.022889,0.016451,51.130674
BANC,CAL,2025-05,31,744,0.002501,0.025504,-0.070858,0.419355,1887.104839,0.000000,0,0.022120,0.003082,63.470286
BANC,CAL,2025-06,30,720,0.014355,0.048111,-0.318952,0.366667,2185.040278,0.000000,0,0.028110,0.013404,119.131288
BANC,CAL,2025-07,31,744,0.013452,0.028740,-0.061538,0.387097,2326.818548,0.000000,0,0.021914,-0.000266,83.491822
BANC,CAL,2025-08,31,744,-0.020247,0.039612,-0.496454,0.645161,2557.533602,0.000000,0,0.022176,-0.008984,117.403398
BANC,CAL,2025-09,30,720,0.010511,0.035421,-0.140725,0.400000,2297.543056,0.000000,0,0.024696,0.004628,126.782277
BANC,CAL,2025-10,31,744,-0.063396,0.068203,-0.361817,0.741935,1759.739247,0.000000,0,0.025790,0.008739,111.329309
BANC,CAL,2025-11,28,672,-0.023315,0.035031,-0.336994,0.500000,1808.767857,0.000000,0,0.022807,0.000485,71.013339
BANC,CAL,2025-12,31,740,-0.002365,0.064394,-0.508569,0.548387,2031.567204,0.000000,4,0.039148,0.006398,139.332564
BANC,CAL,2026-01,31,743,-0.035573,0.051310,-0.437713,0.548387,1950.325269,0.000000,1,0.024746,0.001166,93.863859
BANC,CAL,2026-02,28,672,-0.037714,0.051670,-0.382362,0.535714,1843.571429,0.000000,0,0.020283,0.005422,86.295821
BANC,CAL,2026-03,29,688,-0.062227,0.076810,-0.365924,0.586207,1894.970577,0.000000,5,0.023452,0.006754,116.297727
BANC,CAL,2026-04,30,719,-0.025023,0.072127,-0.371933,0.233333,1701.690278,0.000000,1,0.031537,0.021849,91.657523
BANC,CAL,2026-05,31,741,-0.081873,0.114349,-0.484615,0.419355,1885.366935,0.000000,3,0.033593,0.017502,150.370887
BANC,CAL,2026-06,30,720,-0.024880,0.055831,-0.349860,0.466667,2244.702778,0.000000,0,0.025215,0.013678,98.476513
BANC,CAL,2026-07,31,743,-0.024471,0.064257,-0.429045,0.580645,2434.567204,0.000000,1,0.032585,0.007811,152.835616
BANC,CAL,2026-08,31,744,-0.042095,0.067853,-0.612485,0.516129,2542.104839,0.001344,0,0.024954,-0.001135,234.158385
BANC,CAL,2026-09,7,167,-0.192251,0.193599,-0.516885,0.857143,2042.869048,0.000000,1,0.025154,-0.011815,278.984064
BHBA,NW,2026-04,7,168,-0.003492,0.040765,-0.054444,0.571429,855.232143,0.000000,0,0.040455,0.015686,40.105293
BHBA,NW,2026-06,21,504,0.009241,0.048499,-0.101594,0.333333,866.581349,0.000000,0,0.038056,0.017996,42.218677
BHBA,NW,2026-07,31,744,-0.032964,0.050755,-0.182848,0.741935,980.291667,0.000000,0,0.038386,-0.017403,51.775298
BHBA,NW,2026-08,31,744,-0.037967,0.072896,-0.145176,0.709677,939.807796,0.000000,0,0.058795,-0.028316,70.254530
BHBA,NW,2026-09,7,168,-0.082992,0.082992,-0.155188,1.000000,937.250000,0.000000,0,0.078012,-0.077886,82.620907
BPAT,NW,2024-01,31,744,-0.005006,0.021115,-0.051418,0.677419,7892.108871,0.000000,0,0.024049,-0.000870,280.816238
BPAT,NW,2024-02,29,696,-0.000907,0.021605,-0.046476,0.517241,7288.507184,0.000000,0,0.023426,-0.002526,213.337622
BPAT,NW,2024-03,31,743,-0.004598,0.020421,-0.051321,0.516129,6791.673738,0.000000,0,0.020657,-0.003770,183.662397
BPAT,NW,2024-04,30,720,-0.013538,0.022090,-0.073013,0.600000,6395.133333,0.000000,0,0.022219,-0.009147,180.649696
BPAT,NW,2024-05,31,744,-0.016962,0.025871,-0.065994,0.741935,6161.431452,0.000000,0,0.020970,-0.000985,161.554295
BPAT,NW,2024-06,30,720,-0.001821,0.018737,-0.047823,0.500000,6247.547222,0.000000,0,0.017779,0.001257,139.433596
BPAT,NW,2024-07,31,744,-0.009572,0.025104,-0.058875,0.645161,6815.543011,0.000000,0,0.020451,-0.001183,187.624833
BPAT,NW,2024-08,31,744,-0.006020,0.025120,-0.155098,0.612903,6462.732527,0.000000,0,0.016689,0.004227,146.713920
BPAT,NW,2024-09,30,720,-0.008019,0.019544,-0.053421,0.666667,6028.541667,0.000000,0,0.016241,-0.003056,125.398869
BPAT,NW,2024-10,31,744,-0.003114,0.019384,-0.070723,0.516129,6083.712366,0.000000,0,0.018415,0.001497,145.749804
BPAT,NW,2024-11,30,721,-0.009205,0.016186,-0.069151,0.766667,6933.343167,0.000000,0,0.017231,-0.008720,154.326199
BPAT,NW,2024-12,31,744,-0.002020,0.023888,-0.075395,0.580645,7594.803763,0.000000,0,0.019279,-0.003941,186.761456
BPAT,NW,2025-01,31,744,-0.003957,0.015695,-0.056758,0.516129,8138.221774,0.000000,0,0.019564,0.004289,207.072110
BPAT,NW,2025-02,28,672,-0.003901,0.019761,-0.059733,0.464286,8109.342262,0.000000,0,0.022409,-0.003954,225.745293
BPAT,NW,2025-03,31,743,-0.002819,0.019856,-0.042607,0.580645,6894.018350,0.000000,0,0.023228,0.001522,196.355975
BPAT,NW,2025-04,30,720,-0.010567,0.021809,-0.071662,0.733333,6443.309722,0.000000,0,0.019011,-0.005848,162.177535
BPAT,NW,2025-05,31,744,0.010968,0.017511,-0.027643,0.290323,6290.278226,0.000000,0,0.019521,0.012407,146.549571
BPAT,NW,2025-06,30,720,0.000286,0.014882,-0.028109,0.533333,6634.115278,0.000000,0,0.017227,0.011311,142.438808
BPAT,NW,2025-07,31,744,-0.000522,0.023416,-0.063355,0.516129,6960.592742,0.000000,0,0.020122,0.005152,191.535624
BPAT,NW,2025-08,31,744,-0.002495,0.022194,-0.061434,0.580645,6851.750000,0.000000,0,0.022406,0.000639,202.186333
BPAT,NW,2025-09,30,720,0.007525,0.019006,-0.042430,0.500000,6295.031944,0.000000,0,0.017103,0.012880,139.859999
BPAT,NW,2025-10,31,744,-0.006943,0.016029,-0.043478,0.516129,6498.528226,0.000000,0,0.020818,-0.004334,188.914311
BPAT,NW,2025-11,30,721,0.008948,0.021554,-0.041311,0.400000,6989.123111,0.000000,0,0.019375,0.008758,168.935679
BPAT,NW,2025-12,31,744,-0.011508,0.017882,-0.099126,0.774194,7667.379032,0.000000,0,0.020170,-0.008687,200.397042
BPAT,NW,2026-01,31,744,-0.023037,0.026850,-0.196241,0.774194,8244.233871,0.000000,0,0.021220,-0.011708,230.478753
BPAT,NW,2026-02,28,672,-0.007561,0.013384,-0.050295,0.642857,7839.571429,0.000000,0,0.015555,0.000349,163.626780
BPAT,NW,2026-03,31,743,-0.008288,0.021937,-0.054483,0.612903,7441.607293,0.000000,0,0.019114,-0.003836,185.010680
BPAT,NW,2026-04,30,720,-0.020352,0.025028,-0.116386,0.833333,6946.281944,0.000000,0,0.024851,-0.017887,217.705321
BPAT,NW,2026-05,31,744,-0.006784,0.016395,-0.040687,0.677419,6782.657258,0.000000,0,0.014558,0.002640,130.586148
BPAT,NW,2026-06,30,720,0.000152,0.019372,-0.032530,0.566667,7093.212500,0.000000,0,0.016156,0.007489,147.075831
BPAT,NW,2026-07,31,744,0.004309,0.015255,-0.027405,0.483871,7293.030914,0.000000,0,0.017387,0.010916,169.514503
BPAT,NW,2026-08,31,744,0.002628,0.016844,-0.039042,0.419355,7207.731183,0.000000,0,0.017272,0.009023,154.809938
BPAT,NW,2026-09,7,168,0.016167,0.021411,-0.013179,0.285714,6502.291667,0.000000,0,0.016860,0.015586,133.656921
CHPD,NW,2024-01,31,744,-0.017361,0.029760,-0.102871,0.645161,349.930108,0.000000,0,0.030860,-0.013074,15.573102
CHPD,NW,2024-02,29,696,0.019447,0.029941,-0.057229,0.344828,271.750000,0.000000,0,0.044413,0.033604,15.848647
CHPD,NW,2024-03,31,743,0.009471,0.030957,-0.057471,0.419355,225.997779,0.000000,0,0.040989,0.025216,11.282140
CHPD,NW,2024-04,30,720,-0.024297,0.050255,-0.141176,0.666667,184.516667,0.000000,0,0.036786,0.004866,9.173407
CHPD,NW,2024-05,31,744,-0.016274,0.026325,-0.159574,0.580645,171.318548,0.000000,0,0.024128,0.000962,5.814216
CHPD,NW,2024-06,30,720,-0.005132,0.024247,-0.060109,0.533333,176.413889,0.000000,0,0.026586,0.016836,5.977853
CHPD,NW,2024-07,31,744,-0.001735,0.021192,-0.033835,0.612903,208.716398,0.000000,0,0.024829,0.009708,6.460280
CHPD,NW,2024-08,31,744,0.004582,0.022397,-0.053061,0.354839,188.989247,0.000000,0,0.031972,0.019812,7.329972
CHPD,NW,2024-09,30,720,-0.013356,0.039623,-0.066038,0.633333,177.590278,0.000000,0,0.031646,0.013339,7.824818
CHPD,NW,2024-10,31,743,-0.001425,0.031453,-0.070707,0.451613,184.009350,0.000000,0,0.028064,0.013733,6.642678
CHPD,NW,2024-11,30,721,-0.001706,0.026548,-0.065972,0.566667,252.596778,0.000000,0,0.028273,0.009198,8.833567
CHPD,NW,2024-12,31,744,-0.005068,0.022504,-0.078534,0.645161,304.215054,0.000000,0,0.023722,0.004504,9.242986
CHPD,NW,2025-01,31,744,-0.006154,0.037525,-0.089936,0.516129,335.787634,0.000000,0,0.034415,0.008207,14.639026
CHPD,NW,2025-02,28,672,0.003118,0.031820,-0.054131,0.535714,333.595238,0.000000,0,0.037221,0.018089,15.059456
CHPD,NW,2025-03,31,743,0.000251,0.021674,-0.050633,0.387097,223.562997,0.000000,0,0.042372,0.032593,11.910557
CHPD,NW,2025-04,30,720,-0.015035,0.036887,-0.088000,0.666667,178.622222,0.000000,0,0.033110,0.021871,7.344783
CHPD,NW,2025-05,31,744,-0.008946,0.026297,-0.067708,0.580645,166.224462,0.000000,0,0.020329,0.004770,4.414054
CHPD,NW,2025-06,30,720,-0.039259,0.039259,-0.070707,1.000000,186.669444,0.000000,0,0.023920,-0.019267,5.788638
CHPD,NW,2025-07,31,744,-0.030462,0.033267,-0.074766,0.935484,204.482527,0.000000,0,0.022108,-0.012175,6.532693
CHPD,NW,2025-08,31,744,-0.042162,0.045665,-0.080569,0.967742,198.987903,0.000000,0,0.023678,-0.013400,6.563278
CHPD,NW,2025-09,30,720,-0.018818,0.034097,-0.080000,0.733333,183.059722,0.000000,0,0.023350,-0.005256,6.110328
CHPD,NW,2025-10,31,744,-0.017252,0.030812,-0.085938,0.612903,195.461022,0.000000,0,0.027452,-0.005273,7.108794
CHPD,NW,2025-11,30,721,-0.014523,0.024781,-0.072202,0.666667,237.580444,0.000000,0,0.027632,-0.004893,8.576085
CHPD,NW,2025-12,31,744,-0.010004,0.035953,-0.088050,0.548387,279.037634,0.000000,0,0.041677,0.009253,13.884702
CHPD,NW,2026-01,31,744,-0.013144,0.038388,-0.126492,0.548387,312.422043,0.000000,0,0.036759,-0.015876,15.591647
CHPD,NW,2026-02,28,672,-0.014292,0.033558,-0.083333,0.571429,281.477679,0.000000,0,0.036257,0.001527,13.017330
CHPD,NW,2026-03,31,743,-0.011331,0.033244,-0.109718,0.580645,226.794764,0.000000,0,0.041507,0.002370,13.633839
CHPD,NW,2026-04,30,720,0.017468,0.037919,-0.076233,0.300000,182.406944,0.000000,0,0.035470,0.021593,8.933007
CHPD,NW,2026-05,31,744,-0.008890,0.035293,-0.082569,0.548387,171.701613,0.000000,0,0.028439,0.012176,6.444448
CHPD,NW,2026-06,30,720,-0.021094,0.034768,-0.100457,0.766667,184.143056,0.000000,0,0.026064,0.004198,6.330262
CHPD,NW,2026-07,31,744,-0.013359,0.029733,-0.069959,0.774194,206.497312,0.000000,0,0.025057,0.004863,7.022717
CHPD,NW,2026-08,31,744,-0.021497,0.044992,-0.068182,0.806452,195.873656,0.000000,0,0.027138,-0.004649,7.575782
CHPD,NW,2026-09,7,168,-0.047607,0.047607,-0.105505,1.000000,180.827381,0.000000,0,0.019465,-0.006983,5.113591
CISO,CAL,2024-01,31,744,-0.008224,0.015980,-0.063964,0.645161,23510.356183,0.000000,0,0.059544,-0.033895,1724.575635
CISO,CAL,2024-02,29,696,-0.017263,0.019197,-0.044515,0.862069,22885.620690,0.000000,0,0.066019,-0.041343,1827.211357
CISO,CAL,2024-03,31,743,-0.016839,0.017897,-0.048053,0.870968,21613.720313,0.000000,0,0.074285,-0.047989,1978.196526
CISO,CAL,2024-04,30,720,-0.036125,0.038001,-0.170134,0.900000,21546.755556,0.000000,0,0.092389,-0.069110,2618.425138
CISO,CAL,2024-05,31,744,-0.032882,0.034432,-0.237945,0.935484,22862.262097,0.000000,0,0.083394,-0.064026,2488.462756
CISO,CAL,2024-06,30,720,-0.012027,0.017474,-0.044625,0.733333,26931.398611,0.000000,0,0.065467,-0.042788,2256.035097
CISO,CAL,2024-07,31,744,0.000305,0.027852,-0.057164,0.580645,32042.106183,0.000000,0,0.060789,-0.024254,2421.098284
CISO,CAL,2024-08,31,744,0.000173,0.020092,-0.056466,0.483871,30748.987903,0.000000,0,0.060204,-0.033431,2339.153109
CISO,CAL,2024-09,30,720,-0.009747,0.042561,-0.236629,0.300000,28820.118056,0.000000,0,0.060403,-0.029782,2275.614113
CISO,CAL,2024-10,31,744,-0.032624,0.037950,-0.174522,0.838710,26349.104839,0.000000,0,0.067000,-0.047206,2332.156019
CISO,CAL,2024-11,27,648,-0.024460,0.030652,-0.188922,0.666667,24073.927469,0.000000,0,0.071878,-0.051135,2343.127798
CISO,CAL,2024-12,31,744,-0.092962,0.095688,-0.246099,0.935484,24546.165323,0.000000,0,0.075923,-0.056817,2546.015189
CISO,CAL,2025-01,31,744,-0.070996,0.074422,-0.222158,0.903226,23903.848118,0.000000,0,0.078950,-0.053681,2545.438787
CISO,CAL,2025-02,28,672,-0.034148,0.038425,-0.187257,0.714286,23224.583333,0.000000,0,0.077725,-0.052051,2382.956274
CISO,CAL,2025-03,29,696,-0.043996,0.049062,-0.226353,0.793103,22459.507184,0.000000,0,0.085508,-0.061015,2558.845022
CISO,CAL,2025-04,30,720,-0.068194,0.071443,-0.270682,0.900000,22769.540278,0.000000,0,0.099765,-0.079424,3119.752534
CISO,CAL,2025-05,31,744,-0.025749,0.026814,-0.218052,0.838710,24562.401882,0.000000,0,0.085024,-0.071370,2846.474529
CISO,CAL,2025-06,30,720,-0.025880,0.040370,-0.259596,0.633333,26894.452778,0.000000,0,0.080581,-0.063254,2938.813284
CISO,CAL,2025-07,31,744,-0.015583,0.022137,-0.261278,0.709677,28402.221774,0.000000,0,0.081000,-0.064534,3183.488653
CISO,CAL,2025-08,31,744,-0.014188,0.026322,-0.064428,0.645161,31022.319892,0.000000,0,0.074637,-0.059179,3086.975679
CISO,CAL,2025-09,30,720,-0.030136,0.040742,-0.269374,0.733333,29734.745833,0.000000,0,0.071223,-0.058326,2894.183518
CISO,CAL,2025-10,31,744,-0.127094,0.131075,-0.324960,0.903226,24935.923387,0.000000,0,0.092512,-0.076826,3436.865804
CISO,CAL,2025-11,28,672,-0.103008,0.105398,-0.346493,0.892857,24095.979167,0.000000,0,0.083562,-0.070585,2987.818218
CISO,CAL,2025-12,31,744,-0.175365,0.177192,-0.327429,0.935484,24902.033602,0.000000,0,0.068303,-0.060157,2872.242988
CISO,CAL,2026-01,31,741,-0.241725,0.241725,-0.370665,1.000000,24431.798950,0.000000,0,0.082733,-0.078072,3421.445003
CISO,CAL,2026-02,28,669,-0.207007,0.209796,-0.416693,0.928571,24036.432889,0.000000,0,0.087454,-0.082296,3528.453400
CISO,CAL,2026-03,29,696,-0.056850,0.064414,-0.363871,0.758621,25019.086207,0.000000,0,0.094829,-0.087766,3922.429699
CISO,CAL,2026-04,30,720,-0.100235,0.102773,-0.396277,0.833333,23489.909722,0.000000,0,0.110057,-0.108844,3994.282500
CISO,CAL,2026-05,31,744,-0.119509,0.137540,-0.413994,0.580645,24664.520161,0.000000,0,0.110452,-0.104685,4156.445436
CISO,CAL,2026-06,30,720,-0.018748,0.026381,-0.243203,0.700000,27846.404167,0.000000,0,0.100674,-0.097390,4191.757412
CISO,CAL,2026-07,31,744,-0.006376,0.026276,-0.127743,0.516129,31567.217742,0.000000,0,0.081699,-0.074857,3929.948037
CISO,CAL,2026-08,31,744,-0.032587,0.045192,-0.255254,0.806452,34038.884409,0.000000,0,0.082073,-0.076474,4159.913174
CISO,CAL,2026-09,7,168,-0.068787,0.084788,-0.223755,0.857143,28830.785714,0.000000,0,0.084953,-0.079556,3823.741207
CPLE,CAR,2024-01,31,744,0.006528,0.041135,-0.107941,0.516129,7622.701613,0.000000,0,0.051322,0.032543,530.623540
CPLE,CAR,2024-02,29,696,0.010662,0.031087,-0.063236,0.379310,6822.103448,0.000000,0,0.042117,0.020770,346.422297
CPLE,CAR,2024-03,31,743,0.008729,0.042626,-0.102698,0.387097,5788.109514,0.000000,0,0.038576,0.019585,281.635074
CPLE,CAR,2024-04,30,720,-0.001925,0.035414,-0.113781,0.500000,5795.038889,0.000000,0,0.031755,0.006597,248.331463
CPLE,CAR,2024-05,31,744,0.037231,0.058330,-0.067126,0.354839,6622.401882,0.000000,0,0.051224,0.031307,541.576849
CPLE,CAR,2024-06,30,720,0.016491,0.036882,-0.052280,0.333333,8098.105556,0.000000,0,0.032536,0.006899,372.414640
CPLE,CAR,2024-07,31,744,0.010331,0.040998,-0.079654,0.548387,8559.522849,0.000000,0,0.038112,0.010505,467.127616
CPLE,CAR,2024-08,31,744,0.008573,0.039551,-0.111705,0.451613,8009.846774,0.000000,0,0.044061,0.021472,505.712790
CPLE,CAR,2024-09,30,720,0.004404,0.036747,-0.058642,0.500000,6908.412500,0.000000,0,0.032004,-0.000685,299.882465
CPLE,CAR,2024-10,31,744,-0.004017,0.020250,-0.066433,0.580645,5895.916667,0.000000,0,0.025516,-0.000900,189.351042
CPLE,CAR,2024-11,30,721,-0.017252,0.027573,-0.112127,0.733333,6139.404500,0.000000,0,0.029207,-0.009363,248.577827
CPLE,CAR,2024-12,31,744,0.028869,0.051868,-0.085290,0.322581,7485.478495,0.000000,0,0.046839,0.024159,514.229529
CPLE,CAR,2025-01,31,744,0.017554,0.041939,-0.069827,0.419355,9098.962366,0.000000,0,0.047791,0.021076,586.446045
CPLE,CAR,2025-02,28,672,-0.011280,0.050521,-0.162254,0.571429,7344.803571,0.000000,0,0.061338,0.024504,601.009550
CPLE,CAR,2025-03,31,743,0.009800,0.039022,-0.076990,0.419355,6002.175140,0.000000,0,0.045235,0.028342,326.571797
CPLE,CAR,2025-04,30,720,0.002439,0.023685,-0.060480,0.566667,5908.812500,0.000000,0,0.044343,0.030053,393.434073
CPLE,CAR,2025-05,31,744,0.004827,0.032379,-0.096482,0.483871,6431.211022,0.000000,0,0.032352,0.003061,295.983896
CPLE,CAR,2025-06,30,720,0.025278,0.036963,-0.051795,0.400000,8286.977778,0.000000,0,0.038730,0.021638,489.561980
CPLE,CAR,2025-07,31,744,0.006560,0.027544,-0.075986,0.516129,9092.184140,0.000000,0,0.038647,0.021671,472.509667
CPLE,CAR,2025-08,31,744,0.040967,0.056903,-0.063258,0.225806,7523.715054,0.000000,0,0.040792,0.023331,457.735664
CPLE,CAR,2025-09,30,720,0.008196,0.048115,-0.179582,0.400000,6864.588889,0.000000,0,0.039250,0.008505,393.956232
CPLE,CAR,2025-10,31,744,0.002317,0.030838,-0.082880,0.451613,5861.728495,0.000000,0,0.030233,0.011276,243.129531
CPLE,CAR,2025-11,29,696,0.017747,0.038733,-0.070714,0.482759,6273.066092,0.000000,0,0.036091,0.018760,328.413152
CPLE,CAR,2025-12,31,744,-0.006643,0.057190,-0.162958,0.451613,7863.974462,0.000000,0,0.059870,0.009050,618.556371
CPLE,CAR,2026-01,21,504,0.034224,0.074534,-0.119178,0.333333,7697.823413,0.000000,0,0.071401,0.051901,743.431003
CPLE,CAR,2026-02,18,432,-0.033151,0.048011,-0.124945,0.777778,7054.784722,0.000000,0,0.036683,-0.014107,365.106805
CPLE,CAR,2026-03,31,743,-0.034039,0.047811,-0.164894,0.709677,6074.878389,0.000000,0,0.034413,0.005614,296.068565
CPLE,CAR,2026-04,30,720,-0.011841,0.028361,-0.066478,0.633333,5952.866667,0.000000,0,0.025718,0.000192,208.366607
CPLE,CAR,2026-05,31,744,-0.009862,0.042072,-0.125552,0.612903,6483.334677,0.000000,0,0.034114,-0.004710,322.757886
CPLE,CAR,2026-06,30,720,0.000938,0.028958,-0.059278,0.533333,8128.894444,0.000000,0,0.033590,0.005782,364.072911
CPLE,CAR,2026-07,31,743,0.009466,0.033571,-0.058572,0.580645,8863.865591,0.000000,1,0.039795,-0.000675,543.300041
CPLE,CAR,2026-08,31,744,-0.007117,0.029958,-0.064989,0.580645,8721.255376,0.000000,0,0.032029,0.003918,378.820059
CPLE,CAR,2026-09,7,168,-0.013822,0.018215,-0.033634,0.714286,8895.851190,0.000000,0,0.030417,0.004857,380.847911
CPLW,CAR,2024-01,31,744,-0.023194,0.056104,-0.152312,0.677419,731.091398,0.000000,0,0.057091,-0.000206,54.305884
CPLW,CAR,2024-02,29,696,-0.003124,0.051061,-0.151351,0.482759,601.987069,0.000000,0,0.063210,0.042481,45.970755
CPLW,CAR,2024-03,31,743,-0.024121,0.062853,-0.263294,0.580645,519.559607,0.000000,0,0.060860,0.031460,40.899279
CPLW,CAR,2024-04,30,720,-0.035578,0.052748,-0.181416,0.700000,479.179167,0.000000,0,0.037330,-0.011141,25.923177
CPLW,CAR,2024-05,31,744,-0.016841,0.043559,-0.116959,0.677419,473.216398,0.000000,0,0.030981,0.002888,23.474563
CPLW,CAR,2024-06,30,720,0.003638,0.044082,-0.085608,0.533333,544.684722,0.000000,0,0.038403,0.010229,30.814904
CPLW,CAR,2024-07,31,744,0.000553,0.041130,-0.096612,0.387097,582.658602,0.000000,0,0.050117,0.025482,39.831719
CPLW,CAR,2024-08,31,744,0.002604,0.046166,-0.099379,0.612903,560.131720,0.000000,0,0.037736,0.021357,31.772037
CPLW,CAR,2024-09,28,672,0.053189,0.121232,-0.141780,0.607143,465.980655,0.000000,0,0.097909,0.062164,45.378419
CPLW,CAR,2024-10,31,744,-0.008357,0.096389,-0.330709,0.516129,376.549731,0.000000,0,0.091021,0.032262,45.668217
CPLW,CAR,2024-11,30,721,-0.077701,0.078134,-0.189565,0.966667,499.374944,0.000000,0,0.063019,-0.059938,43.696596
CPLW,CAR,2024-12,31,744,-0.029475,0.075724,-0.133942,0.612903,640.200269,0.000000,0,0.070717,-0.012582,56.766038
CPLW,CAR,2025-01,31,744,-0.032456,0.056522,-0.164114,0.677419,789.099462,0.000000,0,0.055514,-0.016197,55.795084
CPLW,CAR,2025-02,28,672,-0.033750,0.056562,-0.187005,0.750000,616.641369,0.000000,0,0.061033,-0.000559,46.360197
CPLW,CAR,2025-03,31,743,-0.013881,0.035084,-0.105812,0.645161,518.553354,0.000000,0,0.048722,0.016961,33.835740
CPLW,CAR,2025-04,30,720,-0.034876,0.040916,-0.173591,0.666667,468.508333,0.000000,0,0.036659,-0.020778,24.894249
CPLW,CAR,2025-05,31,744,-0.008010,0.028150,-0.111111,0.516129,449.147849,0.000000,0,0.028533,0.000547,17.318452
CPLW,CAR,2025-06,30,720,-0.019575,0.038323,-0.089385,0.700000,538.691667,0.000000,0,0.039077,0.004869,32.212705
CPLW,CAR,2025-07,31,744,-0.033421,0.041336,-0.079807,0.806452,593.119624,0.000000,0,0.031891,-0.010678,26.275116
CPLW,CAR,2025-08,31,744,0.016144,0.052352,-0.083863,0.516129,515.223118,0.000000,0,0.032969,0.015798,24.289196
CPLW,CAR,2025-09,30,720,-0.008463,0.046657,-0.246957,0.500000,467.012500,0.000000,0,0.029311,-0.004298,19.410979
CPLW,CAR,2025-10,31,744,-0.023559,0.036891,-0.203675,0.677419,472.848118,0.000000,0,0.031036,-0.010878,21.756163
CPLW,CAR,2025-11,29,696,0.003777,0.051962,-0.206230,0.482759,543.043103,0.000000,0,0.050383,0.020903,36.831981
CPLW,CAR,2025-12,31,744,-0.013477,0.061816,-0.185033,0.580645,654.990591,0.000000,0,0.063238,0.017444,61.997268
CPLW,CAR,2026-01,16,384,0.003217,0.098737,-0.272464,0.312500,632.984375,0.000000,0,0.109464,0.055540,86.595203
CPLW,CAR,2026-02,18,432,-0.016058,0.039682,-0.082635,0.611111,590.703704,0.000000,0,0.040503,0.005806,35.985272
CPLW,CAR,2026-03,31,743,-0.006957,0.031735,-0.102349,0.580645,497.153460,0.000000,0,0.035182,0.018060,21.932172
CPLW,CAR,2026-04,30,720,-0.015860,0.037184,-0.082601,0.666667,453.495833,0.000000,0,0.027539,0.011266,16.132955
CPLW,CAR,2026-05,31,744,-0.009620,0.054465,-0.267507,0.483871,465.251344,0.000000,0,0.039228,0.007061,25.940016
CPLW,CAR,2026-06,30,720,-0.023071,0.042240,-0.099462,0.733333,530.572222,0.000000,0,0.032527,-0.010986,26.255899
CPLW,CAR,2026-07,31,744,-0.028921,0.043233,-0.115431,0.806452,579.340054,0.000000,0,0.039676,-0.014085,31.889131
CPLW,CAR,2026-08,31,744,-0.047480,0.055106,-0.114796,0.806452,562.987903,0.000000,0,0.032028,-0.015290,26.452814
CPLW,CAR,2026-09,7,168,-0.058318,0.058318,-0.086108,1.000000,590.922619,0.000000,0,0.037312,-0.017638,31.686241
DOPD,NW,2024-01,31,744,-0.082557,0.087156,-0.272556,0.903226,351.803763,0.000000,0,0.083077,-0.075405,38.256386
DOPD,NW,2024-02,29,696,-0.079716,0.079950,-0.163265,0.965517,291.803161,0.000000,0,0.078048,-0.074919,25.890880
DOPD,NW,2024-03,31,743,-0.076725,0.079152,-0.123894,0.967742,257.521388,0.000000,0,0.090734,-0.086306,25.590706
DOPD,NW,2024-04,30,720,-0.115810,0.116370,-0.190000,0.966667,232.737500,0.000000,0,0.132320,-0.132211,32.527787
DOPD,NW,2024-05,31,744,-0.102806,0.104489,-0.179389,0.967742,238.989247,0.000000,0,0.121117,-0.121023,30.324810
DOPD,NW,2024-06,30,720,-0.095109,0.100502,-0.173611,0.933333,247.247222,0.000000,0,0.098178,-0.095489,26.358822
DOPD,NW,2024-07,31,744,-0.076016,0.076395,-0.150769,0.967742,289.055108,0.000000,0,0.086382,-0.085765,26.556164
DOPD,NW,2024-08,31,744,-0.083774,0.085387,-0.220000,0.967742,267.064516,0.000000,0,0.089897,-0.085592,26.066293
DOPD,NW,2024-09,30,720,-0.098190,0.100632,-0.213768,0.900000,249.991667,0.000000,0,0.101095,-0.099213,27.375729
DOPD,NW,2024-10,31,744,-0.119695,0.119695,-0.197581,1.000000,236.654570,0.000000,0,0.111467,-0.111287,28.741549
DOPD,NW,2024-11,30,721,-0.105242,0.105242,-0.177215,1.000000,280.933222,0.000000,0,0.118181,-0.118131,34.581970
DOPD,NW,2024-12,31,744,-0.071374,0.071374,-0.127424,1.000000,318.275538,0.000000,0,0.089603,-0.089585,30.042801
DOPD,NW,2025-01,31,744,-0.068867,0.075066,-0.143885,0.806452,344.866935,0.000000,0,0.082122,-0.080158,32.177244
DOPD,NW,2025-02,28,672,-0.044702,0.053474,-0.139535,0.821429,347.136905,0.000000,0,0.066640,-0.038482,26.722728
DOPD,NW,2025-03,31,743,0.039093,0.050631,-0.078717,0.161290,256.095138,0.000000,0,0.044411,0.029857,14.267442
DOPD,NW,2025-04,30,720,0.030474,0.057361,-0.070707,0.333333,227.904167,0.000000,0,0.040376,0.003228,11.789532
DOPD,NW,2025-05,31,744,0.011608,0.037829,-0.050000,0.419355,234.517473,0.000000,0,0.043104,0.030714,13.130036
DOPD,NW,2025-06,30,720,0.006672,0.024709,-0.059172,0.400000,259.977778,0.000000,0,0.041259,0.031327,13.003151
DOPD,NW,2025-07,31,744,0.030712,0.042624,-0.057508,0.290323,281.598118,0.000000,0,0.059678,0.055180,19.438108
DOPD,NW,2025-08,31,744,0.052871,0.058045,-0.033951,0.129032,275.502688,0.000000,0,0.092450,0.091597,27.971135
DOPD,NW,2025-09,30,719,0.076199,0.076868,-0.010033,0.033333,255.988889,0.000000,1,0.104437,0.104386,28.531148
DOPD,NW,2025-10,31,744,0.079929,0.080842,-0.007168,0.064516,251.525538,0.000000,0,0.086009,0.085023,24.602239
DOPD,NW,2025-11,30,721,0.045824,0.061942,-0.119241,0.133333,282.423389,0.000000,0,0.060522,0.048729,20.009984
DOPD,NW,2025-12,31,744,0.037952,0.059507,-0.083990,0.258065,321.809140,0.000000,0,0.052420,0.036055,21.260892
DOPD,NW,2026-01,31,744,0.032104,0.038143,-0.032710,0.161290,342.228495,0.000000,0,0.036874,0.022376,16.313503
DOPD,NW,2026-02,28,672,0.026907,0.038890,-0.051852,0.250000,312.302083,0.000000,0,0.053041,0.042053,19.995758
DOPD,NW,2026-03,31,743,0.030141,0.041983,-0.065672,0.290323,262.862319,0.000000,0,0.054192,0.032671,16.724391
DOPD,NW,2026-04,30,720,0.008662,0.051491,-0.096886,0.466667,239.250000,0.000000,0,0.047253,0.021786,14.420134
DOPD,NW,2026-05,31,744,-0.014138,0.035240,-0.131488,0.516129,252.237903,0.000000,0,0.036901,0.012387,12.744491
DOPD,NW,2026-06,30,720,-0.020789,0.036335,-0.126623,0.733333,271.804167,0.000000,0,0.033016,0.007358,11.519549
DOPD,NW,2026-07,31,744,-0.001360,0.026000,-0.041667,0.612903,302.834677,0.000000,0,0.031796,0.021409,12.088829
DOPD,NW,2026-08,31,744,-0.008688,0.038188,-0.085227,0.645161,287.568548,0.000000,0,0.035348,0.021154,13.202466
DOPD,NW,2026-09,7,168,0.007196,0.021346,-0.031142,0.285714,253.017857,0.000000,0,0.042567,0.034935,12.687405
DUK,CAR,2024-01,31,744,-0.006573,0.034502,-0.113102,0.483871,13682.754032,0.000000,0,0.034505,0.010367,630.437829
DUK,CAR,2024-02,29,696,0.010384,0.028073,-0.065597,0.413793,12059.642241,0.000000,0,0.027212,0.012553,417.249965
DUK,CAR,2024-03,31,743,-0.001739,0.027389,-0.087412,0.483871,10767.550316,0.000000,0,0.025684,0.008867,363.502355
DUK,CAR,2024-04,30,720,-0.011329,0.028264,-0.123106,0.600000,10705.526389,0.000000,0,0.021206,-0.003642,309.020711
DUK,CAR,2024-05,31,744,0.007008,0.044360,-0.071083,0.612903,11709.834677,0.000000,0,0.032573,0.006517,619.955362
DUK,CAR,2024-06,30,720,0.012167,0.030068,-0.053209,0.433333,13920.405556,0.000000,0,0.029124,-0.002377,583.524312
DUK,CAR,2024-07,31,744,0.003460,0.023932,-0.056234,0.354839,14785.740591,0.000000,0,0.025889,0.008446,527.944899
DUK,CAR,2024-08,31,744,0.012782,0.033426,-0.054712,0.387097,14007.474462,0.000000,0,0.029326,0.011346,586.390707
DUK,CAR,2024-09,30,720,0.023283,0.047196,-0.065658,0.400000,11678.854167,0.000000,0,0.050967,0.019888,888.721719
DUK,CAR,2024-10,31,744,-0.019284,0.028713,-0.088713,0.741935,10617.514785,0.000000,0,0.021072,-0.006569,301.141498
DUK,CAR,2024-11,30,721,-0.006883,0.023621,-0.061563,0.533333,10881.589889,0.000000,0,0.021117,-0.003150,300.210689
DUK,CAR,2024-12,31,744,-0.001887,0.024668,-0.075392,0.451613,12822.334677,0.000000,0,0.025226,0.004000,411.121932
DUK,CAR,2025-01,31,744,0.011258,0.029600,-0.067680,0.322581,14954.982527,0.000000,0,0.029748,0.008983,564.073776
DUK,CAR,2025-02,28,672,-0.002566,0.027627,-0.077091,0.535714,12631.772321,0.000000,0,0.032793,0.010276,536.575516
DUK,CAR,2025-03,31,743,0.008822,0.026128,-0.046905,0.354839,10877.904687,0.000000,0,0.026067,0.012609,360.945468
DUK,CAR,2025-04,30,720,-0.000391,0.025368,-0.063760,0.633333,10868.672222,0.000000,0,0.019308,0.004041,305.453215
DUK,CAR,2025-05,31,744,0.013857,0.034342,-0.075745,0.322581,11167.513441,0.000000,0,0.026399,0.004395,417.472448
DUK,CAR,2025-06,30,720,0.008504,0.020117,-0.032573,0.433333,14160.915278,0.000000,0,0.022004,0.006629,438.598128
DUK,CAR,2025-07,31,744,0.003759,0.019908,-0.056874,0.483871,15609.549731,0.000000,0,0.022387,0.004151,462.679044
DUK,CAR,2025-08,31,744,0.024068,0.039357,-0.070250,0.322581,12975.657258,0.000000,0,0.027056,0.008506,514.636612
DUK,CAR,2025-09,30,720,-0.004859,0.024507,-0.068562,0.533333,11994.812500,0.000000,0,0.020059,0.000841,330.463408
DUK,CAR,2025-10,31,744,-0.016823,0.028697,-0.084215,0.677419,10754.819892,0.000000,0,0.021185,-0.008205,308.166236
DUK,CAR,2025-11,29,696,0.007732,0.024575,-0.075817,0.241379,11207.038793,0.000000,0,0.025497,0.008170,394.953940
DUK,CAR,2025-12,31,744,0.000716,0.040887,-0.130756,0.548387,13202.922043,0.000000,0,0.036451,0.007282,610.642944
DUK,CAR,2026-01,31,744,-0.060403,0.095057,-0.376675,0.580645,14186.220430,0.000000,0,0.082919,-0.044835,2166.352323
DUK,CAR,2026-02,27,648,-0.074247,0.080210,-0.304796,0.814815,13540.760802,0.000000,0,0.074327,-0.052558,1893.619776
DUK,CAR,2026-03,31,743,0.003213,0.021363,-0.095235,0.451613,11074.721657,0.000000,0,0.030357,0.020960,422.208718
DUK,CAR,2026-04,30,720,-0.000719,0.015008,-0.058662,0.500000,10940.488889,0.000000,0,0.021108,0.012602,281.264775
DUK,CAR,2026-05,31,744,0.003827,0.034280,-0.077739,0.516129,11470.104839,0.000000,0,0.027045,0.007379,463.183867
DUK,CAR,2026-06,30,720,0.008992,0.037699,-0.077425,0.500000,13932.816667,0.000000,0,0.032066,0.005895,632.502949
DUK,CAR,2026-07,31,744,0.018783,0.028474,-0.037618,0.354839,15294.318548,0.000000,0,0.030058,0.013015,657.433471
DUK,CAR,2026-08,31,744,0.022592,0.029914,-0.029979,0.225806,14802.056452,0.000000,0,0.034320,0.026688,733.075312
DUK,CAR,2026-09,7,168,0.008936,0.029201,-0.067606,0.428571,15336.940476,0.000000,0,0.034424,0.018287,824.195582
EPE,SW,2024-01,31,744,-0.007790,0.022327,-0.074903,0.612903,883.786290,0.000000,0,0.023647,-0.002324,27.064712
EPE,SW,2024-02,29,696,-0.004572,0.048175,-0.402128,0.482759,813.323276,0.000000,0,0.041344,0.023215,45.768062
EPE,SW,2024-03,31,744,-0.001505,0.027834,-0.059880,0.580645,763.389785,0.000000,0,0.034356,0.007275,35.317492
EPE,SW,2024-04,30,720,-0.006085,0.037473,-0.099119,0.566667,842.498611,0.000000,0,0.029813,0.002937,38.558902
EPE,SW,2024-05,31,744,-0.027348,0.038660,-0.152067,0.806452,1076.838710,0.000000,0,0.026057,-0.005273,41.178082
EPE,SW,2024-06,30,720,-0.044381,0.049443,-0.344620,0.866667,1453.436111,0.000000,0,0.031500,-0.002853,72.483427
EPE,SW,2024-07,31,744,-0.010476,0.038877,-0.095066,0.741935,1435.245968,0.000000,0,0.033899,0.011702,73.987630
EPE,SW,2024-08,31,744,-0.006822,0.031694,-0.070058,0.580645,1482.473118,0.000000,0,0.031466,0.009801,61.390190
EPE,SW,2024-09,30,720,-0.033724,0.054855,-0.143302,0.900000,1210.072222,0.000000,0,0.036810,-0.011381,62.184414
EPE,SW,2024-10,31,744,-0.014039,0.048514,-0.189308,0.516129,1001.013441,0.000000,0,0.033366,0.009055,46.362889
EPE,SW,2024-11,30,720,0.007956,0.037346,-0.131712,0.333333,813.652778,0.000000,0,0.028331,0.002182,33.448053
EPE,SW,2024-12,31,744,0.020965,0.037854,-0.060667,0.419355,857.258065,0.000000,0,0.032563,0.007890,38.855380
EPE,SW,2025-01,31,744,-0.023733,0.048207,-0.334575,0.612903,930.696237,0.000000,0,0.031406,-0.002830,43.801360
EPE,SW,2025-02,28,672,-0.003496,0.024251,-0.219127,0.428571,807.879464,0.000000,0,0.021106,0.003312,23.591798
EPE,SW,2025-03,31,744,-0.006158,0.027461,-0.077865,0.548387,793.909946,0.000000,0,0.032812,0.012346,36.595544
EPE,SW,2025-04,30,720,-0.004528,0.053078,-0.134630,0.533333,870.479167,0.000000,0,0.039064,0.014023,54.159576
EPE,SW,2025-05,31,744,-0.024413,0.060965,-0.451869,0.645161,1038.549731,0.000000,0,0.030333,-0.002347,56.403310
EPE,SW,2025-06,30,720,-0.000801,0.029472,-0.050324,0.566667,1380.675000,0.000000,0,0.035936,0.005496,70.248626
EPE,SW,2025-07,31,744,-0.013505,0.039757,-0.108893,0.709677,1377.266129,0.000000,0,0.039879,0.013618,82.563001
EPE,SW,2025-08,31,744,-0.028130,0.040467,-0.111665,0.774194,1443.141129,0.000000,0,0.030685,-0.009251,63.546148
EPE,SW,2025-09,30,720,-0.033515,0.046634,-0.301042,0.800000,1216.477778,0.000000,0,0.031285,-0.009937,57.003338
EPE,SW,2025-10,31,744,-0.024299,0.041923,-0.546555,0.612903,996.870968,0.000000,0,0.028244,-0.008013,61.315463
EPE,SW,2025-11,30,720,-0.017239,0.049839,-0.304235,0.566667,824.825000,0.000000,0,0.029661,0.000596,38.898675
EPE,SW,2025-12,31,744,0.020443,0.027581,-0.027190,0.225806,851.990591,0.000000,0,0.024057,0.000677,27.684013
EPE,SW,2026-01,29,696,-0.009881,0.032677,-0.144847,0.517241,878.051724,0.000000,0,0.031612,0.005284,40.118753
EPE,SW,2026-02,28,672,-0.009229,0.024086,-0.071702,0.607143,828.020833,0.000000,0,0.024572,-0.005910,29.436776
EPE,SW,2026-03,31,742,-0.034957,0.045980,-0.120130,0.774194,871.067571,0.000000,0,0.033165,-0.002883,41.134354
EPE,SW,2026-04,30,720,-0.020855,0.046127,-0.137041,0.600000,863.065278,0.000000,0,0.036391,0.000059,46.197673
EPE,SW,2026-05,31,744,-0.032269,0.042703,-0.141184,0.870968,1069.189516,0.000000,0,0.037355,-0.012925,56.900439
EPE,SW,2026-06,30,720,-0.018214,0.036474,-0.078550,0.766667,1458.456944,0.000000,0,0.035187,-0.012966,69.493645
EPE,SW,2026-07,31,743,-0.030761,0.035821,-0.105960,0.838710,1548.995150,0.000000,0,0.035065,-0.018128,80.416346
EPE,SW,2026-08,30,720,-0.022916,0.027222,-0.058936,0.900000,1561.705556,0.000000,0,0.031758,-0.017323,66.405447
EPE,SW,2026-09,6,144,-0.015236,0.023655,-0.047160,0.666667,1507.875000,0.000000,0,0.030294,-0.021620,61.393992
ERCO,TEX,2024-01,31,744,0.001059,0.033398,-0.094257,0.322581,51449.172043,0.000000,0,0.035092,0.004329,2399.688716
ERCO,TEX,2024-02,29,696,0.004664,0.023017,-0.093671,0.413793,44197.571839,0.000000,0,0.021049,0.010711,1227.342009
ERCO,TEX,2024-03,31,743,0.002263,0.017632,-0.034830,0.580645,43582.293712,0.000000,0,0.018651,0.006484,1063.795946
ERCO,TEX,2024-04,30,720,0.000277,0.023449,-0.049735,0.500000,46728.084722,0.000000,0,0.017538,0.000115,1104.321677
ERCO,TEX,2024-05,31,744,0.009490,0.027953,-0.064285,0.419355,54006.973118,0.000000,0,0.031105,0.010736,2305.931721
ERCO,TEX,2024-06,30,720,0.000329,0.021138,-0.062130,0.433333,62049.569444,0.000000,0,0.022113,-0.006298,1944.439698
ERCO,TEX,2024-07,31,744,0.021537,0.031275,-0.049268,0.290323,60187.946237,0.000000,0,0.028565,0.011698,2561.860610
ERCO,TEX,2024-08,31,744,0.004697,0.015878,-0.028007,0.322581,66564.431452,0.000000,0,0.014110,0.000671,1211.877028
ERCO,TEX,2024-09,30,720,0.004799,0.022049,-0.051909,0.400000,57297.484722,0.000000,0,0.015588,-0.002833,1162.982432
ERCO,TEX,2024-10,31,744,-0.003115,0.010410,-0.031180,0.612903,53024.184140,0.000000,0,0.015139,0.002124,1054.613559
ERCO,TEX,2024-11,30,721,-0.002763,0.021936,-0.064140,0.566667,46867.691778,0.000000,0,0.021330,0.004392,1329.448824
ERCO,TEX,2024-12,31,744,0.002110,0.018259,-0.032827,0.612903,46893.565860,0.000000,0,0.018118,0.008073,1147.404521
ERCO,TEX,2025-01,31,744,0.006019,0.026807,-0.064618,0.419355,54347.846774,0.000000,0,0.031405,0.017789,2237.383231
ERCO,TEX,2025-02,28,672,0.004392,0.034592,-0.113598,0.428571,51551.288690,0.000000,0,0.031715,0.016079,2293.209588
ERCO,TEX,2025-03,31,743,-0.001156,0.020264,-0.064522,0.483871,46700.785589,0.000000,0,0.021867,0.010922,1324.162479
ERCO,TEX,2025-04,30,720,0.011426,0.025290,-0.034042,0.433333,50743.519444,0.000000,0,0.021395,0.010416,1501.201206
ERCO,TEX,2025-05,31,744,0.010849,0.028426,-0.061429,0.354839,55369.922043,0.000000,0,0.025796,0.006766,2009.412994
ERCO,TEX,2025-06,30,720,0.012051,0.021746,-0.041648,0.233333,62743.543056,0.000000,0,0.022536,0.002533,1782.624324
ERCO,TEX,2025-07,31,744,0.020085,0.023018,-0.013876,0.161290,64309.092742,0.000000,0,0.022347,0.007211,1778.968976
ERCO,TEX,2025-08,31,744,0.011615,0.019567,-0.034750,0.322581,66399.094086,0.000000,0,0.021525,0.011137,1992.692586
ERCO,TEX,2025-09,30,720,0.013268,0.021375,-0.042682,0.333333,61089.904167,0.000000,0,0.019923,0.011865,1686.401421
ERCO,TEX,2025-10,31,744,0.008671,0.018710,-0.042344,0.387097,55063.682796,0.000000,0,0.024465,0.018312,1753.317132
ERCO,TEX,2025-11,30,721,0.015254,0.022167,-0.040348,0.233333,49313.232667,0.000000,0,0.025234,0.018943,1700.689461
ERCO,TEX,2025-12,28,672,0.007584,0.023070,-0.077582,0.428571,50409.724702,0.000000,0,0.027747,0.016098,2030.264648
ERCO,TEX,2026-01,31,744,0.012118,0.024630,-0.065911,0.290323,53519.799731,0.000000,0,0.026969,0.016340,2252.210353
ERCO,TEX,2026-02,28,672,-0.003334,0.016944,-0.050478,0.464286,49329.339286,0.000000,0,0.014629,0.003416,944.079712
ERCO,TEX,2026-03,31,743,-0.001100,0.014170,-0.033603,0.580645,51019.081814,0.000000,0,0.017642,0.000731,1171.208481
ERCO,TEX,2026-04,30,720,-0.001076,0.017315,-0.045629,0.566667,52641.730556,0.000000,0,0.015997,-0.002232,1096.279318
ERCO,TEX,2026-05,31,744,0.006380,0.026927,-0.063077,0.354839,56255.954301,0.000000,0,0.024805,0.003732,1888.061309
ERCO,TEX,2026-06,30,720,0.005600,0.019726,-0.047745,0.466667,65600.431944,0.000000,0,0.018580,-0.002101,1699.602408
ERCO,TEX,2026-07,31,744,0.000348,0.017900,-0.034740,0.516129,69225.424731,0.000000,0,0.015045,0.000238,1364.970389
ERCO,TEX,2026-08,31,744,0.008684,0.017166,-0.037441,0.290323,73083.142473,0.000000,0,0.014430,0.002258,1393.662138
ERCO,TEX,2026-09,7,168,-0.002706,0.013996,-0.029869,0.428571,70984.880952,0.000000,0,0.013440,-0.002959,1200.075201
FMPP,FLA,2024-01,31,744,-0.011948,0.037087,-0.165979,0.645161,1818.006720,0.000000,0,0.050034,-0.000343,123.674570
FMPP,FLA,2024-02,29,696,0.001494,0.033490,-0.133477,0.482759,1738.152299,0.000000,0,0.043032,0.020611,102.794384
FMPP,FLA,2024-03,31,742,-0.018980,0.032527,-0.113027,0.645161,1857.638032,0.000000,0,0.043652,-0.003741,103.157712
FMPP,FLA,2024-04,30,720,0.001999,0.031214,-0.072232,0.566667,1928.218056,0.000000,0,0.039986,0.001652,98.236987
FMPP,FLA,2024-05,31,744,0.008816,0.030282,-0.134727,0.322581,2438.610215,0.000000,0,0.045002,0.007289,144.182465
FMPP,FLA,2024-06,30,720,0.001202,0.028717,-0.054226,0.566667,2557.516667,0.000000,0,0.044295,0.009520,144.334984
FMPP,FLA,2024-07,31,744,-0.008661,0.028969,-0.086643,0.516129,2673.750000,0.000000,0,0.043921,0.006343,150.363721
FMPP,FLA,2024-08,31,742,0.005361,0.037079,-0.093432,0.387097,2792.793011,0.000000,2,0.048158,0.008223,164.335401
FMPP,FLA,2024-09,30,720,0.002988,0.031282,-0.091975,0.533333,2515.893056,0.000000,0,0.042474,0.006097,135.331789
FMPP,FLA,2024-10,31,744,0.014643,0.036824,-0.072257,0.387097,2073.801075,0.000000,0,0.040524,0.007532,109.377263
FMPP,FLA,2024-11,30,719,-0.004030,0.035665,-0.112825,0.433333,1930.537500,0.000000,0,0.040210,0.003999,107.909179
FMPP,FLA,2024-12,30,720,0.000905,0.031028,-0.079061,0.566667,1792.534722,0.000000,0,0.034614,-0.002907,76.946121
FMPP,FLA,2025-01,31,744,-0.018874,0.040762,-0.182464,0.580645,1986.569892,0.000000,0,0.048868,-0.000820,138.262077
FMPP,FLA,2025-02,28,672,0.000130,0.032779,-0.071082,0.535714,1831.879464,0.000000,0,0.037176,0.004607,87.375004
FMPP,FLA,2025-03,31,743,0.006810,0.032769,-0.083815,0.387097,1772.698223,0.000000,0,0.033498,0.010047,75.329228
FMPP,FLA,2025-04,30,720,-0.008270,0.025986,-0.060566,0.700000,2092.597222,0.000000,0,0.035766,-0.001323,91.315038
FMPP,FLA,2025-05,31,744,-0.001201,0.020205,-0.062557,0.483871,2427.684140,0.000000,0,0.035815,0.006075,109.979855
FMPP,FLA,2025-06,30,720,0.012740,0.025666,-0.064179,0.300000,2567.938889,0.000000,0,0.041745,0.014889,139.917069
FMPP,FLA,2025-07,31,744,-0.025193,0.035493,-0.107881,0.645161,2694.297043,0.000000,0,0.041253,-0.009601,141.344338
FMPP,FLA,2025-08,31,744,0.012424,0.032108,-0.067349,0.419355,2677.297043,0.000000,0,0.041214,0.018807,144.183244
FMPP,FLA,2025-09,30,713,0.005565,0.049225,-0.079474,0.600000,2854.270833,0.000000,7,0.044133,0.010896,149.558321
FMPP,FLA,2025-10,22,526,-0.085152,0.092417,-0.196815,0.909091,2178.344697,0.000000,0,0.094051,-0.077334,251.306113
FMPP,FLA,2025-11,20,476,-0.053084,0.073233,-0.312010,0.750000,1854.654167,0.000000,0,0.041784,0.009841,110.228516
FMPP,FLA,2025-12,28,672,-0.039285,0.044562,-0.664573,0.785714,1810.837798,0.001488,0,0.030425,-0.004658,153.926675
FMPP,FLA,2026-01,31,743,-0.108055,0.128468,-0.318196,0.806452,1938.264785,0.000000,1,0.046033,0.002726,164.238800
FMPP,FLA,2026-02,27,647,-0.346315,0.346315,-0.532491,1.000000,1982.893519,0.000000,0,0.293658,-0.293658,613.814008
FMPP,FLA,2026-03,31,742,-0.322886,0.322886,-0.494013,1.000000,1940.325386,0.000000,0,0.304230,-0.303976,611.203159
FMPP,FLA,2026-04,30,720,-0.281936,0.281936,-0.377785,1.000000,1986.141667,0.000000,0,0.291507,-0.291507,586.580471
FMPP,FLA,2026-05,31,744,-0.289744,0.289744,-0.374235,1.000000,2389.770161,0.000000,0,0.288526,-0.288526,708.838591
FMPP,FLA,2026-06,30,720,-0.281714,0.281714,-0.330450,1.000000,2580.941667,0.000000,0,0.279038,-0.279038,734.302456
FMPP,FLA,2026-07,31,744,-0.290741,0.290741,-0.340200,1.000000,2682.258065,0.000000,0,0.288180,-0.288180,789.498696
FMPP,FLA,2026-08,31,744,-0.073732,0.153850,-0.352960,0.419355,2623.896505,0.000000,0,0.152077,-0.091941,521.912899
FMPP,FLA,2026-09,7,168,0.016194,0.043328,-0.041027,0.428571,2547.726190,0.000000,0,0.046672,0.020281,160.927520
FPC,FLA,2024-01,31,744,-0.265458,0.265458,-0.371508,1.000000,5729.547043,0.000000,0,0.247986,-0.247986,1495.856563
FPC,FLA,2024-02,29,696,-0.263815,0.263815,-0.326453,1.000000,5348.495690,0.000000,0,0.239551,-0.239551,1319.594916
FPC,FLA,2024-03,31,743,-0.243152,0.243152,-0.296398,1.000000,5430.929114,0.000000,0,0.235861,-0.235861,1325.658278
FPC,FLA,2024-04,30,720,-0.237438,0.237438,-0.275773,1.000000,5751.850000,0.000000,0,0.228232,-0.228232,1372.000017
FPC,FLA,2024-05,31,744,-0.248949,0.248949,-0.293114,1.000000,7512.212366,0.000000,0,0.236859,-0.236859,1882.479439
FPC,FLA,2024-06,30,720,-0.225310,0.225310,-0.291037,1.000000,7993.316667,0.000000,0,0.221734,-0.221734,1868.023224
FPC,FLA,2024-07,31,744,-0.242577,0.242577,-0.290686,1.000000,8263.646505,0.000000,0,0.218579,-0.218579,1929.091536
FPC,FLA,2024-08,31,744,-0.239794,0.239794,-0.309591,1.000000,8111.979839,0.000000,0,0.227604,-0.227604,1943.671784
FPC,FLA,2024-09,30,720,-0.240786,0.240786,-0.315013,1.000000,7617.037500,0.000000,0,0.223781,-0.223781,1807.341407
FPC,FLA,2024-10,31,744,-0.238441,0.245072,-0.298623,0.967742,6037.092742,0.000000,0,0.234279,-0.213469,1505.185733
FPC,FLA,2024-11,30,720,-0.253984,0.253984,-0.302783,1.000000,5840.967000,0.000000,0,0.242204,-0.242204,1481.362105
FPC,FLA,2024-12,31,744,-0.266962,0.266962,-0.338942,1.000000,5507.096774,0.000000,0,0.259111,-0.259111,1459.017136
FPC,FLA,2025-01,31,744,-0.261558,0.261558,-0.342022,1.000000,6424.245968,0.000000,0,0.249615,-0.249615,1720.317705
FPC,FLA,2025-02,28,672,-0.247755,0.247755,-0.292066,1.000000,5401.956845,0.000000,0,0.241693,-0.241693,1344.720984
FPC,FLA,2025-03,31,743,-0.244175,0.244175,-0.276907,1.000000,5270.881019,0.000000,0,0.243042,-0.243042,1309.148906
FPC,FLA,2025-04,30,720,-0.240119,0.240119,-0.294570,1.000000,6303.454167,0.000000,0,0.230237,-0.230237,1535.026400
FPC,FLA,2025-05,31,744,-0.236367,0.236367,-0.302359,1.000000,7358.736559,0.000000,0,0.222165,-0.222165,1753.263967
FPC,FLA,2025-06,30,720,-0.230668,0.230668,-0.289644,1.000000,7814.283333,0.000000,0,0.213087,-0.213055,1807.573088
FPC,FLA,2025-07,31,744,-0.247987,0.247987,-0.279377,1.000000,8308.986559,0.000000,0,0.229633,-0.229633,2021.358200
FPC,FLA,2025-08,31,744,-0.239581,0.239581,-0.292077,1.000000,8155.909946,0.000000,0,0.226235,-0.226235,1932.931350
FPC,FLA,2025-09,30,720,-0.254496,0.254496,-0.316717,1.000000,7436.808333,0.000000,0,0.239255,-0.239255,1880.681648
FPC,FLA,2025-10,31,744,-0.234702,0.234702,-0.275053,1.000000,6216.055108,0.000000,0,0.229533,-0.229533,1487.388926
FPC,FLA,2025-11,29,696,-0.231253,0.231253,-0.320380,1.000000,5432.392241,0.000000,0,0.223375,-0.223375,1247.021230
FPC,FLA,2025-12,31,744,-0.247829,0.247829,-0.299469,1.000000,5432.615591,0.000000,0,0.244358,-0.244358,1364.856262
FPC,FLA,2026-01,31,744,-0.314587,0.314587,-0.659898,1.000000,6014.266129,0.000000,0,0.277345,-0.276439,2088.957620
FPC,FLA,2026-02,24,576,-0.315738,0.315738,-0.618575,1.000000,5769.340278,0.000000,0,0.272396,-0.272396,1887.755343
FPC,FLA,2026-03,31,743,-0.246319,0.246319,-0.337588,1.000000,5707.362669,0.000000,0,0.232284,-0.232284,1394.309880
FPC,FLA,2026-04,30,720,-0.234003,0.234003,-0.278587,1.000000,6050.009722,0.000000,0,0.225107,-0.225107,1432.537984
FPC,FLA,2026-05,31,744,-0.256679,0.256679,-0.323348,1.000000,7407.056452,0.000000,0,0.231240,-0.231240,1853.826341
FPC,FLA,2026-06,30,720,-0.240164,0.240164,-0.285777,1.000000,8158.498611,0.000000,0,0.228004,-0.227734,1973.605741
FPC,FLA,2026-07,31,744,-0.247809,0.247809,-0.306376,1.000000,8406.373656,0.000000,0,0.224949,-0.224949,2041.931053
FPC,FLA,2026-08,31,744,-0.246453,0.246453,-0.306698,1.000000,8209.561828,0.000000,0,0.221061,-0.221061,1970.201564
FPC,FLA,2026-09,7,168,-0.260005,0.260005,-0.299813,1.000000,8059.595238,0.000000,0,0.248741,-0.248741,2075.840862
FPL,FLA,2024-01,31,744,-0.018472,0.041993,-0.654293,0.483871,13548.088710,0.000000,0,0.033621,0.010716,953.188576
FPL,FLA,2024-02,29,696,0.009199,0.021641,-0.031570,0.379310,12826.034483,0.000000,0,0.031765,0.021838,478.071529
FPL,FLA,2024-03,31,739,0.016639,0.028104,-0.052573,0.290323,14041.143084,0.000000,1,0.039538,0.023989,685.804089
FPL,FLA,2024-04,30,720,0.010440,0.026594,-0.047016,0.366667,14861.206944,0.000000,0,0.031682,0.011276,581.939200
FPL,FLA,2024-05,30,720,-0.003231,0.022798,-0.057517,0.666667,18996.287500,0.000000,0,0.031573,0.001143,730.304195
FPL,FLA,2024-06,29,696,-0.000544,0.038230,-0.058678,0.620690,19232.975575,0.000000,0,0.034186,0.005079,862.860061
FPL,FLA,2024-07,31,744,-0.010506,0.021457,-0.061114,0.677419,20527.486559,0.000000,0,0.028779,0.002748,740.934483
FPL,FLA,2024-08,31,744,-0.016086,0.053531,-0.603028,0.516129,20097.088710,0.001344,0,0.035549,0.009752,1329.220575
FPL,FLA,2024-09,30,720,-0.036752,0.051465,-0.385334,0.733333,19399.918056,0.000000,0,0.034100,-0.002252,1047.964420
FPL,FLA,2024-10,30,720,-0.006403,0.038983,-0.417905,0.566667,16306.723611,0.000000,0,0.031985,0.003955,836.353770
FPL,FLA,2024-11,29,696,0.002621,0.022523,-0.045679,0.551724,14985.030172,0.000000,0,0.034203,0.014704,639.493550
FPL,FLA,2024-12,31,744,-0.000231,0.027395,-0.082250,0.483871,13351.165323,0.000000,0,0.033693,0.015379,548.751066
FPL,FLA,2025-01,31,744,-0.001728,0.026656,-0.094384,0.387097,14255.188172,0.000000,0,0.032466,0.005084,619.498090
FPL,FLA,2025-02,28,672,0.004399,0.021432,-0.041837,0.357143,14132.559524,0.000000,0,0.031038,0.017300,517.589547
FPL,FLA,2025-03,31,740,0.016488,0.029624,-0.087876,0.258065,13782.201124,0.000000,0,0.034198,0.018734,585.649737
FPL,FLA,2025-04,30,719,0.006747,0.019985,-0.065699,0.366667,16011.919444,0.000000,1,0.031070,0.000289,630.101748
FPL,FLA,2025-05,31,744,0.007865,0.030598,-0.037871,0.483871,18564.504032,0.000000,0,0.033363,0.013808,845.993214
FPL,FLA,2025-06,30,720,-0.000915,0.017049,-0.042713,0.566667,19434.441667,0.000000,0,0.031262,0.011331,800.096868
FPL,FLA,2025-07,31,744,-0.012548,0.030044,-0.066754,0.677419,20298.756720,0.000000,0,0.035294,-0.001919,930.801553
FPL,FLA,2025-08,31,744,0.005153,0.027086,-0.064419,0.548387,20375.646505,0.000000,0,0.032934,0.011266,908.988078
FPL,FLA,2025-09,30,720,-0.019347,0.039271,-0.111279,0.566667,18476.622222,0.000000,0,0.031631,-0.002926,793.092917
FPL,FLA,2025-10,31,744,-0.013965,0.029790,-0.064781,0.709677,16981.884409,0.000000,0,0.029814,-0.006958,641.204566
FPL,FLA,2025-11,29,696,-0.010851,0.027511,-0.079524,0.689655,14140.525862,0.000000,0,0.029142,0.007633,526.234330
FPL,FLA,2025-12,31,744,-0.010386,0.024296,-0.060946,0.645161,14130.288978,0.000000,0,0.029407,-0.001651,514.197620
FPL,FLA,2026-01,31,744,0.000165,0.034980,-0.128442,0.419355,14249.509409,0.000000,0,0.032867,-0.006735,628.867432
FPL,FLA,2026-02,28,672,0.003579,0.026054,-0.061484,0.464286,14772.305060,0.000000,0,0.035577,0.008471,676.068319
FPL,FLA,2026-03,31,740,0.004637,0.028522,-0.058165,0.451613,14769.298754,0.000000,0,0.033983,0.012358,639.149005
FPL,FLA,2026-04,30,720,0.004152,0.028268,-0.045336,0.500000,15627.302778,0.000000,0,0.030349,0.005920,578.803109
FPL,FLA,2026-05,31,744,0.012028,0.031322,-0.044782,0.419355,18572.248656,0.000000,0,0.030986,0.010426,731.890350
FPL,FLA,2026-06,30,720,0.011540,0.024438,-0.036344,0.466667,19991.109722,0.000000,0,0.030008,0.013695,761.042811
FPL,FLA,2026-07,31,744,0.010912,0.022882,-0.032689,0.419355,21012.407258,0.000000,0,0.029053,0.009605,809.243333
FPL,FLA,2026-08,31,744,-0.011209,0.034074,-0.092776,0.580645,20863.087366,0.000000,0,0.030798,0.000621,859.653421
FPL,FLA,2026-09,7,168,-0.019306,0.022624,-0.059826,0.714286,19925.821429,0.000000,0,0.023141,-0.004514,612.563471
GCPD,NW,2024-01,31,744,-0.011536,0.016993,-0.076319,0.709677,775.258065,0.000000,0,0.018717,-0.003171,23.064426
GCPD,NW,2024-02,29,696,0.002168,0.013037,-0.033693,0.413793,698.350575,0.000000,0,0.016495,0.005824,14.799862
GCPD,NW,2024-03,31,742,-0.005375,0.012912,-0.032258,0.645161,675.146383,0.000000,0,0.015183,0.002219,13.263400
GCPD,NW,2024-04,30,720,-0.016119,0.023451,-0.080834,0.766667,715.180556,0.000000,0,0.019970,-0.006662,17.668828
GCPD,NW,2024-05,31,744,-0.020073,0.023410,-0.061558,0.870968,752.069892,0.000000,0,0.016786,-0.008352,17.397743
GCPD,NW,2024-06,30,720,-0.033284,0.034558,-0.070694,0.966667,826.834722,0.000000,0,0.031212,-0.028589,28.606162
GCPD,NW,2024-07,31,744,-0.029121,0.029121,-0.050352,1.000000,912.852151,0.000000,0,0.030731,-0.030441,29.438335
GCPD,NW,2024-08,31,744,-0.036443,0.037886,-0.075188,0.935484,850.669355,0.000000,0,0.035371,-0.034774,32.195764
GCPD,NW,2024-09,30,720,-0.029856,0.030727,-0.079686,0.933333,748.280556,0.000000,0,0.022719,-0.021744,19.757488
GCPD,NW,2024-10,31,744,-0.016684,0.017929,-0.080369,0.935484,715.215054,0.000000,0,0.018105,-0.011251,16.633825
GCPD,NW,2024-11,30,721,-0.005335,0.012403,-0.035851,0.633333,714.075056,0.000000,0,0.012331,-0.001240,11.221636
GCPD,NW,2024-12,31,744,-0.007592,0.012794,-0.047290,0.709677,744.315860,0.000000,0,0.013753,-0.000778,13.513235
GCPD,NW,2025-01,31,744,-0.008562,0.013141,-0.044543,0.741935,776.870968,0.000000,0,0.014644,-0.005115,14.558789
GCPD,NW,2025-02,28,672,-0.003930,0.012430,-0.044743,0.607143,785.565476,0.000000,0,0.016503,0.003343,16.530860
GCPD,NW,2025-03,31,743,0.002204,0.012937,-0.037234,0.387097,683.495792,0.000000,0,0.013456,-0.001018,11.988218
GCPD,NW,2025-04,30,720,-0.017911,0.023339,-0.044776,0.800000,703.618056,0.000000,0,0.021749,-0.012749,18.018124
GCPD,NW,2025-05,31,744,-0.011865,0.019216,-0.055626,0.709677,758.750000,0.000000,0,0.018112,-0.010373,17.183153
GCPD,NW,2025-06,30,720,-0.029059,0.029864,-0.063564,0.966667,867.245833,0.000000,0,0.024561,-0.023790,24.723555
GCPD,NW,2025-07,31,744,-0.024411,0.029270,-0.064378,0.935484,905.967742,0.000000,0,0.030538,-0.027949,30.464394
GCPD,NW,2025-08,31,744,-0.032875,0.033636,-0.076577,0.967742,849.842742,0.000000,0,0.033359,-0.032670,31.949052
GCPD,NW,2025-09,30,720,-0.018581,0.024312,-0.065728,0.866667,759.829167,0.000000,0,0.023467,-0.019545,21.543206
GCPD,NW,2025-10,31,744,-0.019760,0.021460,-0.054667,0.838710,706.193548,0.000000,0,0.019175,-0.015332,16.685742
GCPD,NW,2025-11,30,721,-0.006399,0.012854,-0.050340,0.600000,710.935111,0.000000,0,0.012948,0.000155,12.599342
GCPD,NW,2025-12,31,744,-0.007047,0.015939,-0.044199,0.580645,725.276882,0.000000,0,0.014904,-0.001836,13.601915
GCPD,NW,2026-01,31,744,-0.002524,0.012114,-0.036557,0.419355,758.752688,0.000000,0,0.013545,0.001044,12.953650
GCPD,NW,2026-02,28,672,-0.006566,0.014490,-0.051746,0.714286,748.325893,0.000000,0,0.014930,-0.004071,14.868521
GCPD,NW,2026-03,31,742,-0.006668,0.014096,-0.036986,0.645161,700.429374,0.000000,0,0.012545,-0.004101,11.092541
GCPD,NW,2026-04,30,720,-0.020981,0.022382,-0.081044,0.900000,725.443056,0.000000,0,0.026320,-0.023663,22.177253
GCPD,NW,2026-05,31,744,-0.027575,0.032523,-0.062271,0.903226,741.239247,0.000000,0,0.029711,-0.018966,30.076337
GCPD,NW,2026-06,30,720,-0.019133,0.021898,-0.069429,0.833333,809.179167,0.000000,0,0.019355,-0.016851,19.014030
GCPD,NW,2026-07,31,744,-0.039537,0.039537,-0.067114,1.000000,865.685484,0.000000,0,0.040855,-0.040791,37.008263
GCPD,NW,2026-08,29,696,-0.034237,0.035022,-0.068445,0.965517,822.066092,0.000000,0,0.039157,-0.037938,34.907328
GCPD,NW,2026-09,7,168,-0.044990,0.044990,-0.066489,1.000000,731.363095,0.000000,0,0.036626,-0.033846,29.318855
GVL,FLA,2024-01,31,744,-0.106290,0.125184,-0.270349,0.870968,218.911290,0.000000,0,0.112768,-0.090802,30.434510
GVL,FLA,2024-02,29,696,-0.131579,0.132065,-0.308550,0.965517,203.058908,0.000000,0,0.104892,-0.098070,26.393437
GVL,FLA,2024-03,31,743,-0.104162,0.110674,-0.361404,0.870968,192.263908,0.000000,0,0.085674,-0.069038,24.246880
GVL,FLA,2024-04,30,720,-0.154538,0.180861,-0.505747,0.866667,214.525000,0.000000,0,0.134259,-0.105540,43.672694
GVL,FLA,2024-05,31,744,-0.178768,0.178768,-0.447887,1.000000,265.423387,0.000000,0,0.141089,-0.135862,48.279317
GVL,FLA,2024-06,30,720,-0.146238,0.148082,-0.515075,0.933333,302.150000,0.000000,0,0.129134,-0.121695,53.640340
GVL,FLA,2024-07,31,744,-0.182806,0.182806,-0.368171,1.000000,300.659946,0.000000,0,0.133848,-0.119623,51.446274
GVL,FLA,2024-08,31,744,-0.163301,0.171777,-0.328125,0.967742,305.865591,0.000000,0,0.143476,-0.133798,54.780893
GVL,FLA,2024-09,30,718,-0.102905,0.135489,-0.568396,0.866667,267.803409,0.000000,0,0.118146,-0.065748,45.526845
GVL,FLA,2024-10,31,744,-0.105395,0.111756,-0.269923,0.903226,224.596774,0.000000,0,0.080805,-0.072144,24.769855
GVL,FLA,2024-11,30,721,-0.063497,0.074543,-0.202643,0.800000,211.619500,0.000000,0,0.065849,-0.051550,18.370361
GVL,FLA,2024-12,31,740,-0.078774,0.092416,-0.535398,0.709677,202.243280,0.000000,0,0.072208,-0.062611,21.870998
GVL,FLA,2025-01,31,744,-0.129806,0.134417,-0.473282,0.903226,239.877688,0.000000,0,0.120829,-0.105482,43.400393
GVL,FLA,2025-02,28,671,-0.073735,0.078447,-0.235714,0.928571,200.912526,0.000000,0,0.072970,-0.068128,18.338106
GVL,FLA,2025-03,29,696,-0.085064,0.098090,-0.283784,0.862069,193.863506,0.000000,0,0.095295,-0.075179,21.392541
GVL,FLA,2025-04,30,720,-0.120577,0.120577,-0.339339,1.000000,232.819444,0.000000,0,0.104121,-0.103675,29.787698
GVL,FLA,2025-05,29,696,-0.090523,0.094364,-0.219178,0.896552,269.103448,0.000000,0,0.091947,-0.086640,29.187021
GVL,FLA,2025-06,29,696,-0.099100,0.107890,-0.230769,0.896552,286.813218,0.000000,0,0.092067,-0.077992,32.555986
GVL,FLA,2025-07,28,672,-0.214602,0.220236,-0.558929,0.964286,308.733631,0.000000,0,0.143319,-0.130719,59.052766
GVL,FLA,2025-08,31,743,-0.187768,0.187768,-0.505910,1.000000,306.937062,0.000000,0,0.159444,-0.156973,61.875662
GVL,FLA,2025-09,30,720,-0.093915,0.096763,-0.160099,0.933333,276.409722,0.000000,0,0.087662,-0.079466,29.001533
GVL,FLA,2025-10,31,740,-0.114765,0.116289,-0.542857,0.967742,225.848410,0.000000,0,0.103816,-0.102578,27.440772
GVL,FLA,2025-11,29,694,-0.109527,0.110600,-0.303419,0.965517,203.786834,0.000000,0,0.114128,-0.108946,27.146603
GVL,FLA,2025-12,30,720,-0.103078,0.105664,-0.345070,0.900000,203.462500,0.000000,0,0.115816,-0.087502,28.624557
GVL,FLA,2026-01,29,696,-0.129589,0.129589,-0.219373,1.000000,222.485632,0.000000,0,0.126225,-0.118935,32.055425
GVL,FLA,2026-02,28,671,-0.161828,0.164636,-0.488166,0.964286,228.747865,0.000000,0,0.132072,-0.125267,39.099209
GVL,FLA,2026-03,30,717,-0.192383,0.193276,-0.405316,0.966667,209.757143,0.000000,0,0.132454,-0.104648,38.688164
GVL,FLA,2026-04,28,672,-0.113859,0.131655,-0.401316,0.785714,228.683036,0.000000,0,0.120036,-0.110720,35.574369
GVL,FLA,2026-05,27,648,-0.122178,0.125197,-0.250704,0.925926,261.640432,0.000000,0,0.116408,-0.101092,36.487102
GVL,FLA,2026-06,30,720,-0.088511,0.093394,-0.181395,0.900000,294.211111,0.000000,0,0.093418,-0.072335,33.401888
GVL,FLA,2026-07,31,743,-0.127616,0.129642,-0.239609,0.935484,313.927887,0.000000,0,0.111187,-0.096444,41.926954
GVL,FLA,2026-08,26,621,-0.132282,0.137378,-0.281395,0.923077,304.841804,0.000000,0,0.113860,-0.100977,42.265551
GVL,FLA,2026-09,7,168,-0.124242,0.124242,-0.219072,1.000000,303.041667,0.000000,0,0.118701,-0.118434,39.184773
HST,FLA,2024-01,31,744,0.007273,0.090625,-0.211765,0.451613,55.690860,0.000000,0,0.088477,0.031370,6.736695
HST,FLA,2024-02,29,696,0.012028,0.060817,-0.100000,0.448276,52.991379,0.000000,0,0.062256,0.029235,5.830705
HST,FLA,2024-03,31,742,-0.001264,0.058254,-0.137500,0.580645,65.563294,0.000000,0,0.067368,0.030941,5.870686
HST,FLA,2024-04,30,720,0.014114,0.057020,-0.100000,0.533333,66.805556,0.000000,0,0.069504,0.037254,6.602399
HST,FLA,2024-05,31,744,-0.006982,0.024002,-0.106383,0.548387,86.361559,0.000000,0,0.043255,0.012445,5.090577
HST,FLA,2024-06,30,720,0.000502,0.064685,-0.183486,0.566667,84.025000,0.000000,0,0.073364,0.026856,9.313222
HST,FLA,2024-07,30,720,0.008327,0.037580,-0.074766,0.333333,90.475000,0.000000,0,0.061378,0.042378,8.241325
HST,FLA,2024-08,31,744,0.022125,0.069372,-0.157407,0.419355,86.846774,0.000000,0,0.074449,0.046085,10.009270
HST,FLA,2024-09,30,720,0.005658,0.049420,-0.129630,0.466667,87.652778,0.000000,0,0.061585,0.028975,7.771029
HST,FLA,2024-10,31,744,0.007555,0.078847,-0.255102,0.387097,74.490591,0.000000,0,0.071628,0.029324,7.865383
HST,FLA,2024-11,30,721,0.013617,0.049021,-0.112245,0.400000,68.303889,0.000000,0,0.057398,0.019885,5.321039
HST,FLA,2024-12,31,743,-0.005017,0.074068,-0.160494,0.483871,57.726391,0.000000,0,0.068509,0.018494,5.540989
HST,FLA,2025-01,31,744,-0.011487,0.061242,-0.175000,0.483871,52.354839,0.000000,0,0.062904,0.009194,4.854330
HST,FLA,2025-02,27,648,0.003034,0.049661,-0.157303,0.407407,63.305556,0.000000,0,0.059346,0.023853,5.227539
HST,FLA,2025-03,30,719,-0.007946,0.073816,-0.156863,0.533333,61.750604,0.000000,0,0.087603,0.023557,7.907585
HST,FLA,2025-04,30,720,-0.007006,0.049530,-0.468254,0.433333,71.344444,0.000000,0,0.050876,0.018403,5.216560
HST,FLA,2025-05,31,744,-0.016544,0.046031,-0.469388,0.451613,84.572581,0.000000,0,0.043941,0.004693,5.818722
HST,FLA,2025-06,30,720,0.014302,0.048674,-0.110092,0.400000,87.530556,0.000000,0,0.055131,0.028264,7.118247
HST,FLA,2025-07,31,744,0.001310,0.054428,-0.193277,0.354839,88.252688,0.000000,0,0.066153,0.026272,8.641999
HST,FLA,2025-08,31,744,-0.006326,0.051822,-0.144068,0.483871,88.237903,0.000000,0,0.065098,0.028360,8.839899
HST,FLA,2025-09,30,720,-0.028283,0.081518,-0.277228,0.666667,81.681944,0.000000,0,0.074708,0.028822,9.376981
HST,FLA,2025-10,31,744,-0.010795,0.070878,-0.280000,0.516129,77.231183,0.000000,0,0.059344,0.019322,6.462672
HST,FLA,2025-11,30,720,-0.017815,0.056536,-0.129412,0.666667,62.719278,0.000000,0,0.070702,0.009569,6.246888
HST,FLA,2025-12,31,743,-0.003873,0.081490,-0.149425,0.612903,62.231417,0.000000,0,0.081739,0.029304,7.180428
HST,FLA,2026-01,31,744,-0.016660,0.061741,-0.186667,0.580645,55.267473,0.000000,0,0.071387,0.019067,5.355632
HST,FLA,2026-02,28,672,-0.043635,0.083305,-0.615385,0.535714,56.747024,0.001488,0,0.077009,0.015589,7.431232
HST,FLA,2026-03,31,743,-0.012195,0.060461,-0.163043,0.741935,65.247721,0.000000,0,0.071585,0.038383,7.484753
HST,FLA,2026-04,30,720,0.000489,0.062902,-0.163265,0.466667,69.795833,0.000000,0,0.064552,0.018866,5.994094
HST,FLA,2026-05,31,744,-0.017500,0.037373,-0.101695,0.645161,85.280914,0.000000,0,0.051898,0.013058,5.717827
HST,FLA,2026-06,30,720,-0.019106,0.058313,-0.219048,0.600000,89.045833,0.000000,0,0.060915,0.030027,7.284973
HST,FLA,2026-07,31,744,-0.009538,0.040552,-0.119266,0.548387,93.391129,0.000000,0,0.049987,0.020025,6.460592
HST,FLA,2026-08,31,744,0.000026,0.058430,-0.252101,0.451613,91.869624,0.000000,0,0.075384,0.041144,10.228242
HST,FLA,2026-09,4,96,-0.048902,0.076174,-0.117117,0.750000,85.145833,0.000000,0,0.068609,0.021434,7.314369
IID,CAL,2024-01,31,744,0.000075,0.024737,-0.120344,0.387097,291.317204,0.000000,0,0.030386,0.012349,11.650027
IID,CAL,2024-02,27,647,-0.011873,0.029603,-0.135734,0.518519,292.530864,0.000000,0,0.034717,0.004391,15.383104
IID,CAL,2024-03,31,742,-0.013106,0.037669,-0.121795,0.548387,290.115591,0.000000,0,0.031523,0.000981,13.293139
IID,CAL,2024-04,29,696,-0.012207,0.046958,-0.166316,0.517241,347.385057,0.000000,0,0.039527,0.010080,19.931528
IID,CAL,2024-05,31,744,0.007824,0.024367,-0.053633,0.387097,440.493280,0.000000,0,0.024714,0.010347,15.235428
IID,CAL,2024-06,29,696,0.010604,0.025254,-0.045455,0.310345,615.533046,0.000000,0,0.031716,0.013242,24.465728
IID,CAL,2024-07,31,744,0.005057,0.026975,-0.042077,0.483871,751.935484,0.000000,0,0.029556,0.011784,31.452986
IID,CAL,2024-08,31,744,0.000119,0.025149,-0.071000,0.419355,697.307796,0.000000,0,0.034655,0.007493,31.573327
IID,CAL,2024-09,30,720,-0.016440,0.030939,-0.070769,0.700000,605.906944,0.000000,0,0.036239,-0.003960,27.150558
IID,CAL,2024-10,30,720,0.013083,0.033885,-0.091292,0.366667,468.688889,0.000000,0,0.035984,0.012983,22.182231
IID,CAL,2024-11,26,624,-0.004934,0.031852,-0.116418,0.615385,292.487179,0.000000,0,0.030904,-0.002337,12.476516
IID,CAL,2024-12,29,696,0.000488,0.021654,-0.055703,0.413793,298.209770,0.000000,0,0.025383,-0.005802,10.085554
IID,CAL,2025-01,31,744,-0.007448,0.023179,-0.091667,0.516129,299.857527,0.000000,0,0.027851,0.004621,12.092831
IID,CAL,2025-02,27,648,0.024226,0.043371,-0.080332,0.259259,295.606481,0.000000,0,0.038008,0.018105,16.053633
IID,CAL,2025-03,31,741,-0.006164,0.036905,-0.085627,0.709677,304.028460,0.000000,0,0.033976,0.008115,15.483525
IID,CAL,2025-04,28,672,-0.006578,0.033958,-0.090261,0.607143,361.151786,0.000000,0,0.028646,-0.002300,15.084188
IID,CAL,2025-05,31,743,-0.018427,0.051337,-0.117007,0.677419,452.970430,0.000000,0,0.037655,-0.002868,24.929159
IID,CAL,2025-06,30,720,0.002181,0.028602,-0.072727,0.400000,585.027778,0.000000,0,0.030718,0.012085,21.405477
IID,CAL,2025-07,28,672,0.007997,0.020917,-0.051370,0.321429,652.703869,0.000000,0,0.023129,0.006513,20.289570
IID,CAL,2025-08,31,744,0.001303,0.037666,-0.069984,0.645161,673.150538,0.000000,0,0.044348,0.010277,48.193787
IID,CAL,2025-09,28,672,-0.005014,0.050380,-0.089623,0.642857,550.758929,0.000000,0,0.049812,0.005098,38.025133
IID,CAL,2025-10,30,720,-0.009744,0.030767,-0.061905,0.633333,394.541667,0.000000,0,0.031528,0.006547,16.808521
IID,CAL,2025-11,30,720,-0.063788,0.065602,-0.186486,0.933333,325.886611,0.000000,0,0.038824,-0.019250,19.425177
IID,CAL,2025-12,29,696,0.001820,0.036027,-0.151351,0.551724,296.994253,0.000000,0,0.031255,0.004800,13.075213
IID,CAL,2026-01,31,744,-0.009743,0.019398,-0.097561,0.677419,291.506720,0.000000,0,0.023654,-0.000247,10.085321
IID,CAL,2026-02,28,672,-0.003693,0.023933,-0.053030,0.571429,307.703869,0.000000,0,0.025128,0.006086,11.391831
IID,CAL,2026-03,31,742,-0.004193,0.041180,-0.173077,0.548387,419.228904,0.000000,0,0.034204,-0.002480,21.000578
IID,CAL,2026-04,29,696,0.001809,0.051662,-0.117647,0.551724,375.864943,0.000000,0,0.037657,0.006430,21.472416
IID,CAL,2026-05,30,720,0.013235,0.033624,-0.062136,0.366667,446.805556,0.000000,0,0.033575,0.013610,20.910457
IID,CAL,2026-06,29,696,0.007792,0.031442,-0.080330,0.413793,580.742816,0.000000,0,0.032993,0.011217,25.860257
IID,CAL,2026-07,31,744,0.008973,0.028570,-0.051030,0.419355,697.215054,0.000000,0,0.034976,0.007746,35.823379
IID,CAL,2026-08,31,744,-0.006688,0.043167,-0.104478,0.516129,739.120968,0.000000,0,0.032535,0.004877,33.216765
IID,CAL,2026-09,7,168,-0.002784,0.024740,-0.051748,0.428571,545.761905,0.000000,0,0.040868,0.007737,28.825935
IPCO,NW,2024-01,31,744,0.005433,0.017036,-0.043232,0.322581,2133.428763,0.000000,0,0.020493,0.014162,54.935446
IPCO,NW,2024-02,29,696,0.004996,0.015637,-0.031477,0.344828,1907.147989,0.000000,0,0.019737,0.012301,47.087013
IPCO,NW,2024-03,31,743,-0.002183,0.015344,-0.050970,0.451613,1794.844729,0.000000,0,0.021842,0.007067,50.688344
IPCO,NW,2024-04,30,720,0.009114,0.020834,-0.047959,0.300000,1694.108333,0.000000,0,0.024646,0.015118,51.045323
IPCO,NW,2024-05,31,744,0.011158,0.021823,-0.048658,0.354839,1978.717742,0.000000,0,0.025209,0.016831,60.502821
IPCO,NW,2024-06,30,720,-0.007750,0.019330,-0.069099,0.633333,2589.913889,0.000000,0,0.017915,-0.001644,62.828747
IPCO,NW,2024-07,31,744,-0.017127,0.020806,-0.050386,0.806452,2973.962366,0.000000,0,0.018577,0.002125,71.407894
IPCO,NW,2024-08,31,744,-0.014128,0.020651,-0.055573,0.870968,2640.473118,0.000000,0,0.019040,0.003365,62.994399
IPCO,NW,2024-09,30,720,-0.003857,0.023627,-0.147541,0.433333,2099.084722,0.000000,0,0.025022,0.013583,66.449877
IPCO,NW,2024-10,31,744,-0.004055,0.027197,-0.071394,0.580645,1798.702957,0.000000,0,0.030791,0.013044,74.284201
IPCO,NW,2024-11,30,721,-0.037699,0.048231,-0.214135,0.800000,1911.955222,0.000000,0,0.051592,0.011484,124.012778
IPCO,NW,2024-12,31,744,-0.033325,0.046484,-0.142857,0.741935,2086.485215,0.000000,0,0.053397,-0.004115,137.754481
IPCO,NW,2025-01,31,744,-0.022027,0.032271,-0.079396,0.677419,2194.848118,0.000000,0,0.041296,0.008874,115.508169
IPCO,NW,2025-02,28,672,-0.050113,0.055391,-0.162486,0.928571,2118.690476,0.000000,0,0.042739,-0.005039,119.569509
IPCO,NW,2025-03,31,743,-0.005938,0.027305,-0.133937,0.451613,1792.200386,0.000000,0,0.041688,0.026808,95.998248
IPCO,NW,2025-04,30,720,-0.036084,0.053895,-0.170460,0.800000,1817.404167,0.000000,0,0.051794,-0.018113,123.656530
IPCO,NW,2025-05,31,744,-0.122437,0.122437,-0.323820,1.000000,2125.319892,0.000000,0,0.088989,-0.079476,270.555835
IPCO,NW,2025-06,30,720,-0.000642,0.029808,-0.068503,0.566667,2663.851389,0.000000,0,0.032093,0.002123,107.264924
IPCO,NW,2025-07,31,744,0.007611,0.024984,-0.041223,0.483871,2864.967742,0.000000,0,0.036058,0.012062,132.128557
IPCO,NW,2025-08,31,744,0.039212,0.042402,-0.023463,0.193548,2661.926075,0.000000,0,0.054226,0.047408,180.024580
IPCO,NW,2025-09,30,720,-0.055984,0.108431,-0.356338,0.633333,2158.143056,0.000000,0,0.080800,-0.002944,281.512788
IPCO,NW,2025-10,31,744,-0.006509,0.035632,-0.114763,0.580645,1737.279570,0.000000,0,0.041568,0.010189,96.880358
IPCO,NW,2025-11,30,721,-0.023063,0.039089,-0.112580,0.633333,1803.875944,0.000000,0,0.038947,-0.012872,89.914175
IPCO,NW,2025-12,31,744,-0.021234,0.043979,-0.090699,0.677419,1979.586022,0.000000,0,0.050977,0.004906,125.563729
IPCO,NW,2026-01,31,744,-0.067045,0.069263,-0.141642,0.967742,2160.563172,0.000000,0,0.058488,-0.046089,164.720503
IPCO,NW,2026-02,28,672,-0.030941,0.046566,-0.119698,0.750000,1946.379464,0.000000,0,0.048879,-0.004933,118.934018
IPCO,NW,2026-03,31,743,-0.028444,0.045916,-0.129649,0.709677,1765.633240,0.000000,0,0.054089,-0.004435,130.803789
IPCO,NW,2026-04,30,720,-0.062976,0.079040,-0.273850,0.866667,1911.379167,0.000000,0,0.069889,-0.043802,181.486505
IPCO,NW,2026-05,31,744,-0.170245,0.170245,-0.333981,1.000000,2314.383065,0.000000,0,0.122374,-0.118835,347.342971
IPCO,NW,2026-06,30,720,0.017771,0.033197,-0.063437,0.333333,2653.895833,0.000000,0,0.031301,0.000887,108.114568
IPCO,NW,2026-07,31,744,-0.006935,0.018203,-0.091798,0.645161,3026.955645,0.000000,0,0.029646,-0.009491,122.159418
IPCO,NW,2026-08,31,744,0.012041,0.017831,-0.021773,0.322581,2781.577957,0.000000,0,0.031157,0.013980,112.817783
IPCO,NW,2026-09,7,168,-0.068177,0.136103,-0.227947,0.714286,2185.934524,0.000000,0,0.102953,-0.037784,292.301561
ISNE,NE,2024-01,31,744,0.003579,0.011444,-0.027086,0.483871,14562.258065,0.000000,0,0.023058,-0.018224,434.629913
ISNE,NE,2024-02,29,696,0.010558,0.015115,-0.018657,0.241379,13376.945402,0.000000,0,0.025569,-0.015223,451.357967
ISNE,NE,2024-03,31,743,0.000128,0.011213,-0.038538,0.483871,12130.616935,0.000000,0,0.029026,-0.021004,472.916217
ISNE,NE,2024-04,30,720,-0.000265,0.010184,-0.038566,0.400000,11116.383333,0.000000,0,0.029588,-0.020783,421.310617
ISNE,NE,2024-05,31,744,-0.000281,0.011794,-0.041920,0.483871,11190.803763,0.000000,0,0.030601,-0.020693,442.994363
ISNE,NE,2024-06,30,720,-0.001700,0.013072,-0.041859,0.466667,13592.469444,0.000000,0,0.029528,-0.017134,510.731662
ISNE,NE,2024-07,31,744,-0.000269,0.013587,-0.028623,0.419355,16219.884409,0.000000,0,0.027314,-0.020683,584.050592
ISNE,NE,2024-08,31,744,-0.003532,0.015300,-0.050108,0.483871,14313.122312,0.000000,0,0.027840,-0.019541,539.571660
ISNE,NE,2024-09,30,720,0.001251,0.010681,-0.038160,0.500000,11942.654167,0.000000,0,0.027644,-0.019863,447.336024
ISNE,NE,2024-10,31,744,0.003411,0.010193,-0.022742,0.322581,11295.787634,0.000000,0,0.031290,-0.027389,442.839576
ISNE,NE,2024-11,30,721,-0.000662,0.009325,-0.026290,0.600000,12201.897611,0.000000,0,0.030572,-0.027002,485.267164
ISNE,NE,2024-12,31,744,0.007060,0.012205,-0.016934,0.290323,14298.297043,0.000000,0,0.020224,-0.014779,390.786168
ISNE,NE,2025-01,31,744,-0.000716,0.011130,-0.043233,0.451613,15170.961022,0.000000,0,0.020326,-0.015242,394.820452
ISNE,NE,2025-02,28,671,0.005562,0.009845,-0.018082,0.285714,14660.237254,0.000000,0,0.019997,-0.012901,382.522132
ISNE,NE,2025-03,31,743,0.000000,0.009394,-0.021682,0.516129,12176.282083,0.000000,0,0.023890,-0.017962,372.961221
ISNE,NE,2025-04,30,720,-0.002707,0.010359,-0.040075,0.666667,11034.823611,0.000000,0,0.028614,-0.023241,382.778190
ISNE,NE,2025-05,31,744,0.002792,0.012019,-0.033945,0.419355,10859.138441,0.000000,0,0.025430,-0.018735,355.734287
ISNE,NE,2025-06,30,719,0.001874,0.012331,-0.022324,0.533333,13379.018659,0.000000,0,0.022062,-0.014238,378.192280
ISNE,NE,2025-07,31,744,-0.000894,0.011150,-0.034854,0.645161,15986.276882,0.000000,0,0.025470,-0.018633,521.619168
ISNE,NE,2025-08,31,744,0.002782,0.015412,-0.031622,0.354839,13493.864247,0.000000,0,0.028137,-0.020597,470.031787
ISNE,NE,2025-09,30,720,0.002778,0.010161,-0.023886,0.466667,11932.023611,0.000000,0,0.027215,-0.020546,401.038061
ISNE,NE,2025-10,31,744,0.001964,0.008985,-0.017864,0.451613,11434.235215,0.000000,0,0.030454,-0.025363,447.598894
ISNE,NE,2025-11,30,721,0.004479,0.009387,-0.021946,0.333333,12706.832556,0.000000,0,0.027317,-0.022828,448.531916
ISNE,NE,2025-12,31,744,0.003115,0.011874,-0.041054,0.419355,15111.626344,0.000000,0,0.023358,-0.016525,455.357794
ISNE,NE,2026-01,31,744,0.004087,0.009226,-0.016882,0.322581,15624.338710,0.000000,0,0.021143,-0.015178,439.382130
ISNE,NE,2026-02,28,672,-0.000210,0.008613,-0.025710,0.357143,15377.894345,0.000000,0,0.022272,-0.018098,454.302007
ISNE,NE,2026-03,31,743,0.002931,0.011441,-0.026668,0.387097,12853.752279,0.000000,0,0.035964,-0.031851,581.817145
ISNE,NE,2026-04,30,720,-0.001682,0.010497,-0.044322,0.600000,11214.895833,0.000000,0,0.039577,-0.035116,558.582498
ISNE,NE,2026-05,31,744,0.002801,0.011039,-0.040164,0.354839,11142.336022,0.000000,0,0.038656,-0.033033,558.638273
ISNE,NE,2026-06,30,720,0.000780,0.014240,-0.033003,0.433333,13341.447222,0.000000,0,0.034459,-0.028606,585.013281
ISNE,NE,2026-07,31,744,0.001838,0.015764,-0.047834,0.387097,15033.936828,0.000000,0,0.032103,-0.025174,657.446264
ISNE,NE,2026-08,31,744,-0.003995,0.015794,-0.029916,0.580645,14987.927419,0.000000,0,0.030585,-0.025431,582.923361
ISNE,NE,2026-09,7,168,0.011709,0.013229,-0.005318,0.142857,12904.482143,0.000000,0,0.026781,-0.021049,425.096285
JEA,FLA,2024-01,31,744,0.002555,0.036174,-0.112486,0.451613,1476.067204,0.000000,0,0.049212,0.029685,84.056888
JEA,FLA,2024-02,29,696,-0.006709,0.035151,-0.098400,0.551724,1341.636494,0.000000,0,0.045115,0.028813,70.318426
JEA,FLA,2024-03,31,743,0.007336,0.025330,-0.047651,0.516129,1260.632714,0.000000,0,0.047801,0.042638,71.616370
JEA,FLA,2024-04,30,720,0.033357,0.039735,-0.054965,0.133333,1356.036111,0.000000,0,0.053716,0.052999,86.249911
JEA,FLA,2024-05,31,744,0.012963,0.037507,-0.134302,0.322581,1652.590054,0.000000,0,0.053898,0.045089,119.311037
JEA,FLA,2024-06,30,720,-0.000622,0.028254,-0.066990,0.500000,1875.790278,0.000000,0,0.046386,0.034247,106.488106
JEA,FLA,2024-07,31,744,-0.017107,0.041233,-0.095495,0.645161,1907.213710,0.000000,0,0.062384,0.048473,151.095903
JEA,FLA,2024-08,31,744,-0.018830,0.040590,-0.094272,0.645161,1886.774194,0.000000,0,0.038040,0.017659,93.143057
JEA,FLA,2024-09,30,720,0.001859,0.046977,-0.103963,0.600000,1688.372222,0.000000,0,0.054427,0.039462,111.664813
JEA,FLA,2024-10,31,744,0.003962,0.034659,-0.092835,0.419355,1426.672043,0.000000,0,0.044852,0.032224,77.352105
JEA,FLA,2024-11,18,432,0.009311,0.025501,-0.072437,0.222222,1356.326389,0.000000,0,0.038600,0.031110,63.233199
JEA,FLA,2024-12,30,720,-0.004907,0.042155,-0.097585,0.600000,1410.834722,0.000000,0,0.046896,0.020138,85.403145
JEA,FLA,2025-01,31,744,-0.003686,0.039463,-0.142530,0.516129,1731.455645,0.000000,0,0.055320,0.026257,125.152461
JEA,FLA,2025-02,28,672,0.009205,0.032790,-0.074098,0.392857,1333.114583,0.000000,0,0.050963,0.043336,82.429588
JEA,FLA,2025-03,31,743,-0.009346,0.040174,-0.487445,0.354839,1279.872838,0.000000,0,0.041397,0.035224,78.163493
JEA,FLA,2025-04,30,719,0.005585,0.032408,-0.093254,0.400000,1452.033333,0.000000,1,0.040373,0.032202,68.353658
JEA,FLA,2025-05,31,744,0.008268,0.036543,-0.089326,0.451613,1684.486559,0.000000,0,0.048994,0.037299,108.332151
JEA,FLA,2025-06,30,720,-0.007484,0.039288,-0.133607,0.600000,1833.413889,0.000000,0,0.046303,0.034471,106.849661
JEA,FLA,2025-07,31,744,-0.016197,0.035439,-0.113321,0.677419,1950.456989,0.000000,0,0.050331,0.038215,131.488531
JEA,FLA,2025-08,31,744,-0.032648,0.065821,-0.190732,0.580645,1874.940860,0.000000,0,0.060500,0.021733,152.249698
JEA,FLA,2025-09,30,720,-0.000697,0.028796,-0.055703,0.566667,1671.454167,0.000000,0,0.042366,0.036172,83.552769
JEA,FLA,2025-10,31,744,0.005275,0.035075,-0.139846,0.419355,1411.369624,0.000000,0,0.043329,0.031161,73.417599
JEA,FLA,2025-11,30,721,0.026456,0.035477,-0.068116,0.166667,1311.532944,0.000000,0,0.042691,0.037788,70.967047
JEA,FLA,2025-12,31,744,0.001722,0.034036,-0.070926,0.548387,1377.813172,0.000000,0,0.039363,0.022464,71.946366
JEA,FLA,2026-01,31,744,-0.001751,0.038954,-0.087891,0.483871,1535.104839,0.000000,0,0.045022,0.031251,87.369373
JEA,FLA,2026-02,28,672,0.004028,0.044027,-0.097260,0.357143,1509.226190,0.000000,0,0.053035,0.037260,93.431961
JEA,FLA,2026-03,31,743,-0.010370,0.034276,-0.098511,0.580645,1331.467508,0.000000,0,0.043489,0.032108,74.490951
JEA,FLA,2026-04,30,720,-0.002855,0.030684,-0.094850,0.500000,1395.937500,0.000000,0,0.041156,0.032132,68.128117
JEA,FLA,2026-05,31,744,-0.015414,0.038547,-0.136105,0.612903,1630.693548,0.000000,0,0.035795,0.020806,80.863776
JEA,FLA,2026-06,30,720,-0.009465,0.026328,-0.093109,0.566667,1821.311111,0.000000,0,0.048265,0.041941,115.025987
JEA,FLA,2026-07,31,744,0.001913,0.019164,-0.059497,0.451613,1990.206989,0.000000,0,0.042676,0.034516,112.420480
JEA,FLA,2026-08,31,744,-0.030733,0.044894,-0.110783,0.709677,1919.948925,0.000000,0,0.055959,0.032848,152.314549
JEA,FLA,2026-09,7,168,-0.023999,0.050785,-0.104484,0.857143,1878.708333,0.000000,0,0.048516,0.029142,127.165785
LDWP,CAL,2024-01,31,744,-0.101419,0.109726,-0.239885,0.935484,2606.037634,0.000000,0,0.064475,-0.049626,226.059941
LDWP,CAL,2024-02,29,694,-0.123497,0.125031,-0.265737,0.965517,2658.150862,0.000000,2,0.073384,-0.069955,256.062504
LDWP,CAL,2024-03,31,742,-0.128555,0.129902,-0.248452,0.967742,2424.080937,0.000000,0,0.065990,-0.038394,211.801024
LDWP,CAL,2024-04,30,720,-0.123769,0.127116,-0.247946,0.966667,2436.462500,0.000000,0,0.078545,-0.031966,254.618623
LDWP,CAL,2024-05,31,744,-0.069664,0.071898,-0.172706,0.903226,2329.579301,0.000000,0,0.061669,-0.012730,178.741941
LDWP,CAL,2024-06,30,720,-0.021219,0.118187,-0.191057,0.733333,2627.352778,0.000000,0,0.105472,0.014016,350.495429
LDWP,CAL,2024-07,31,744,0.119265,0.143582,-0.130435,0.193548,2780.537634,0.000000,0,0.189432,0.163211,596.343044
LDWP,CAL,2024-08,31,744,-0.043986,0.064571,-0.154326,0.838710,3150.958333,0.000000,0,0.062347,0.004524,249.410639
LDWP,CAL,2024-09,30,720,-0.025532,0.076089,-0.225657,0.566667,2902.936111,0.000000,0,0.099233,0.049734,355.735258
LDWP,CAL,2024-10,31,744,-0.044280,0.064496,-0.212638,0.774194,2567.744624,0.000000,0,0.078262,0.042179,241.292064
LDWP,CAL,2024-11,25,594,-0.049482,0.064131,-0.252811,0.720000,2310.765000,0.000000,6,0.072239,0.045446,219.771775
LDWP,CAL,2024-12,31,744,-0.057939,0.065369,-0.192789,0.774194,2495.954301,0.000000,0,0.058782,-0.014950,200.897904
LDWP,CAL,2025-01,31,744,-0.074150,0.103226,-0.554697,0.741935,2475.099462,0.000000,0,0.131109,0.052505,394.000435
LDWP,CAL,2025-02,28,672,-0.113697,0.120271,-0.270077,0.892857,2649.705357,0.000000,0,0.089068,-0.069426,298.370408
LDWP,CAL,2025-03,31,742,-0.141857,0.141857,-0.297283,1.000000,2743.480598,0.000000,0,0.117055,-0.114361,369.085953
LDWP,CAL,2025-04,30,720,-0.127530,0.127530,-0.541154,1.000000,2642.822222,0.000000,0,0.122124,-0.121988,365.873065
LDWP,CAL,2025-05,31,744,-0.152332,0.152332,-0.295258,1.000000,2729.375000,0.000000,0,0.115876,-0.114611,373.805064
LDWP,CAL,2025-06,30,720,-0.148985,0.148985,-0.257304,1.000000,2976.637500,0.000000,0,0.126406,-0.124096,441.684094
LDWP,CAL,2025-07,31,744,-0.082471,0.116467,-0.231384,0.838710,2960.676075,0.000000,0,0.109672,-0.055492,363.788649
LDWP,CAL,2025-08,29,696,-0.099313,0.101482,-0.179233,0.965517,3390.431034,0.000000,0,0.086556,-0.080691,362.968239
LDWP,CAL,2025-09,30,720,-0.078511,0.091176,-0.206031,0.800000,3263.323611,0.000000,0,0.074708,-0.055374,338.829683
LDWP,CAL,2025-10,31,744,-0.119820,0.119820,-0.318933,1.000000,2638.776882,0.000000,0,0.071994,-0.049569,262.150133
LDWP,CAL,2025-11,30,720,-0.115922,0.120046,-0.259520,0.900000,2575.976111,0.000000,0,0.076008,-0.054075,267.805301
LDWP,CAL,2025-12,31,744,-0.127851,0.127851,-0.217751,1.000000,2811.073925,0.000000,0,0.134529,-0.134473,412.376640
LDWP,CAL,2026-01,27,648,-0.118842,0.123680,-0.254077,0.851852,2682.820988,0.000000,0,0.109797,-0.089208,358.481819
LDWP,CAL,2026-02,28,671,-0.106077,0.108940,-0.266734,0.964286,2672.205357,0.000000,1,0.088811,-0.082151,305.312325
LDWP,CAL,2026-03,31,742,-0.157733,0.157733,-0.396725,1.000000,2833.853495,0.000000,0,0.107984,-0.105650,383.502494
LDWP,CAL,2026-04,29,696,-0.179398,0.179398,-0.297402,1.000000,2700.923851,0.000000,0,0.141276,-0.139981,430.558420
LDWP,CAL,2026-05,31,744,-0.128468,0.128468,-0.247506,1.000000,2590.505376,0.000000,0,0.121438,-0.090821,359.608428
LDWP,CAL,2026-06,30,720,-0.103686,0.103686,-0.250700,0.966667,2925.293056,0.000000,0,0.112129,-0.111658,367.664219
LDWP,CAL,2026-07,31,744,-0.061326,0.064658,-0.132462,0.935484,3423.463710,0.000000,0,0.079128,-0.073591,308.090944
LDWP,CAL,2026-08,29,696,-0.067400,0.070192,-0.116495,0.965517,3828.494253,0.000000,0,0.074692,-0.072024,334.729098
LDWP,CAL,2026-09,7,168,-0.046275,0.069347,-0.119228,0.857143,3127.690476,0.000000,0,0.073583,-0.044640,289.967732
LGEE,MIDW,2024-01,31,744,-0.103965,0.103965,-0.178027,1.000000,4991.307796,0.000000,0,0.093730,-0.093722,507.397597
LGEE,MIDW,2024-02,29,696,-0.103387,0.103387,-0.141307,1.000000,4193.556034,0.000000,0,0.087468,-0.087417,395.457630
LGEE,MIDW,2024-03,31,744,-0.107791,0.107791,-0.178526,1.000000,3837.119624,0.000000,0,0.092014,-0.091730,381.656521
LGEE,MIDW,2024-04,30,720,-0.101009,0.101009,-0.182662,1.000000,3791.050000,0.000000,0,0.085935,-0.085729,349.754904
LGEE,MIDW,2024-05,31,744,-0.087610,0.087610,-0.167250,1.000000,4057.123656,0.000000,0,0.078987,-0.071648,355.641144
LGEE,MIDW,2024-06,30,720,-0.079755,0.080207,-0.142289,0.966667,4716.576389,0.000000,0,0.075209,-0.074150,393.201819
LGEE,MIDW,2024-07,31,744,-0.072885,0.072885,-0.133922,1.000000,4918.401882,0.000000,0,0.068790,-0.063319,373.400028
LGEE,MIDW,2024-08,31,744,-0.085083,0.085083,-0.174585,1.000000,4852.568548,0.000000,0,0.075541,-0.074860,391.387599
LGEE,MIDW,2024-09,30,720,-0.062591,0.067338,-0.161260,0.933333,4174.166667,0.000000,0,0.059797,-0.057895,282.066472
LGEE,MIDW,2024-10,31,744,-0.084310,0.084310,-0.133346,1.000000,3693.392473,0.000000,0,0.071018,-0.070973,282.729650
LGEE,MIDW,2024-11,30,720,-0.091921,0.092053,-0.151938,0.966667,3844.838889,0.000000,0,0.076023,-0.074329,315.155841
LGEE,MIDW,2024-12,31,744,-0.084783,0.085708,-0.134531,0.967742,4371.233871,0.000000,0,0.075536,-0.070692,366.688633
LGEE,MIDW,2025-01,31,744,-0.089724,0.089724,-0.171171,1.000000,5270.600806,0.000000,0,0.076344,-0.075876,452.979199
LGEE,MIDW,2025-02,28,672,-0.092473,0.092473,-0.158799,1.000000,4678.196429,0.000000,0,0.080848,-0.080212,415.890301
LGEE,MIDW,2025-03,31,744,-0.091049,0.091049,-0.164117,1.000000,3953.201613,0.000000,0,0.080260,-0.080239,356.188305
LGEE,MIDW,2025-04,30,720,-0.089740,0.089740,-0.159955,1.000000,3770.404167,0.000000,0,0.069041,-0.068983,311.312232
LGEE,MIDW,2025-05,31,744,-0.091722,0.091722,-0.161122,1.000000,3787.712366,0.000000,0,0.080058,-0.079404,331.979804
LGEE,MIDW,2025-06,30,720,-0.099521,0.099521,-0.533912,1.000000,4800.666667,0.001389,0,0.078008,-0.074435,443.774115
LGEE,MIDW,2025-07,31,744,-0.078768,0.078768,-0.135360,1.000000,5348.756720,0.000000,0,0.070847,-0.069549,420.989873
LGEE,MIDW,2025-08,31,744,-0.073842,0.075507,-0.117168,0.967742,4813.729839,0.000000,0,0.072915,-0.071990,380.241261
LGEE,MIDW,2025-09,30,720,-0.086490,0.086490,-0.152523,1.000000,4225.801389,0.000000,0,0.074673,-0.074658,349.531675
LGEE,MIDW,2025-10,31,744,-0.081558,0.081558,-0.131266,1.000000,3784.771505,0.000000,0,0.076368,-0.076139,300.349595
LGEE,MIDW,2025-11,30,720,-0.094611,0.094611,-0.143936,1.000000,3999.240278,0.000000,0,0.084275,-0.084101,357.036679
LGEE,MIDW,2025-12,31,744,-0.093265,0.093265,-0.152006,1.000000,4639.612903,0.000000,0,0.084462,-0.084059,425.088783
LGEE,MIDW,2026-01,31,744,-0.092205,0.092205,-0.138915,1.000000,5152.202957,0.000000,0,0.086728,-0.086537,477.483323
LGEE,MIDW,2026-02,28,672,-0.093445,0.093445,-0.131797,1.000000,4777.851190,0.000000,0,0.087296,-0.087268,447.487202
LGEE,MIDW,2026-03,31,744,-0.095308,0.095308,-0.176931,1.000000,3881.801075,0.000000,0,0.086699,-0.086698,357.695779
LGEE,MIDW,2026-04,30,720,-0.091367,0.091367,-0.149430,1.000000,3785.184722,0.000000,0,0.080681,-0.080335,329.019646
LGEE,MIDW,2026-05,31,744,-0.104820,0.104820,-0.176821,1.000000,3923.715054,0.000000,0,0.093078,-0.093078,388.014286
LGEE,MIDW,2026-06,30,720,-0.073049,0.080074,-0.165849,0.933333,4592.068056,0.000000,0,0.074397,-0.070388,374.611426
LGEE,MIDW,2026-07,31,744,-0.075334,0.080251,-0.138899,0.967742,5068.678763,0.000000,0,0.072961,-0.070978,401.847083
LGEE,MIDW,2026-08,30,720,-0.091070,0.091070,-0.122780,1.000000,5020.470833,0.000000,0,0.081521,-0.079726,439.337168
LGEE,MIDW,2026-09,7,168,-0.087294,0.087294,-0.115957,1.000000,5444.321429,0.000000,0,0.072839,-0.072839,425.265722
MISO,MIDW,2024-01,31,744,0.014235,0.023203,-0.048110,0.258065,78434.844086,0.000000,0,0.027734,0.017738,2600.996529
MISO,MIDW,2024-02,29,696,0.020221,0.023292,-0.022266,0.103448,69296.890805,0.000000,0,0.033576,0.031670,2726.218751
MISO,MIDW,2024-03,31,744,0.029882,0.029882,0.001535,0.000000,65669.049731,0.000000,0,0.037738,0.037728,2668.241818
MISO,MIDW,2024-04,30,720,0.020097,0.022405,-0.013622,0.166667,64978.930556,0.000000,0,0.028142,0.027562,2024.183777
MISO,MIDW,2024-05,31,744,0.016946,0.025049,-0.033635,0.258065,69898.483871,0.000000,0,0.029615,0.025362,2405.409234
MISO,MIDW,2024-06,30,720,0.030981,0.034752,-0.044089,0.066667,80917.652778,0.000000,0,0.033927,0.030354,3245.435842
MISO,MIDW,2024-07,29,696,0.008740,0.024677,-0.065394,0.379310,84698.492816,0.000000,0,0.024221,0.011716,2630.526273
MISO,MIDW,2024-08,31,744,0.022704,0.031187,-0.034498,0.290323,84877.715054,0.000000,0,0.028893,0.023988,3134.160467
MISO,MIDW,2024-09,30,720,0.004550,0.019904,-0.064341,0.500000,74830.055556,0.000000,0,0.021666,0.013925,2016.705902
MISO,MIDW,2024-10,31,744,0.010300,0.017472,-0.035629,0.225806,67351.655914,0.000000,0,0.024560,0.022664,1928.783210
MISO,MIDW,2024-11,30,720,0.017549,0.021343,-0.033676,0.100000,68208.590278,0.000000,0,0.022056,0.017313,1722.981482
MISO,MIDW,2024-12,31,744,0.004838,0.018330,-0.041678,0.419355,73842.225806,0.000000,0,0.020626,0.009297,1846.012108
MISO,MIDW,2025-01,31,744,0.003769,0.016054,-0.047460,0.258065,81523.271505,0.000000,0,0.021092,0.008988,2116.661529
MISO,MIDW,2025-02,28,672,0.006103,0.013534,-0.022360,0.321429,77184.288690,0.000000,0,0.019657,0.011399,1874.533899
MISO,MIDW,2025-03,31,744,0.018746,0.020115,-0.010065,0.096774,66978.358871,0.000000,0,0.025168,0.023383,1922.422166
MISO,MIDW,2025-04,30,720,0.011278,0.014022,-0.013130,0.200000,66407.601389,0.000000,0,0.020503,0.017934,1617.332926
MISO,MIDW,2025-05,31,744,0.017174,0.022230,-0.025522,0.193548,68005.798387,0.000000,0,0.022703,0.019115,1907.192290
MISO,MIDW,2025-06,30,720,0.034777,0.035987,-0.014298,0.100000,82101.197222,0.000000,0,0.027146,0.024105,2786.603928
MISO,MIDW,2025-07,30,720,0.020476,0.025170,-0.030423,0.200000,90126.504167,0.000000,0,0.021739,0.016473,2613.983364
MISO,MIDW,2025-08,31,744,0.022427,0.025578,-0.024221,0.096774,84195.741935,0.000000,0,0.021247,0.017425,2404.980225
MISO,MIDW,2025-09,30,720,0.018511,0.021875,-0.019298,0.100000,76343.256944,0.000000,0,0.023450,0.022508,2041.675082
MISO,MIDW,2025-10,31,744,0.011239,0.018603,-0.033044,0.322581,69401.856183,0.000000,0,0.025408,0.023856,1987.817916
MISO,MIDW,2025-11,30,720,0.022118,0.022118,0.002450,0.000000,68972.350000,0.000000,0,0.026650,0.025877,2060.666703
MISO,MIDW,2025-12,31,744,0.024594,0.027520,-0.018998,0.161290,77559.573925,0.000000,0,0.030457,0.027662,2790.809186
MISO,MIDW,2026-01,30,720,0.023240,0.024535,-0.007401,0.100000,80776.679167,0.000000,0,0.030451,0.028527,2829.872064
MISO,MIDW,2026-02,28,672,0.019745,0.023684,-0.020603,0.178571,75092.645833,0.000000,0,0.030412,0.029084,2655.538301
MISO,MIDW,2026-03,31,744,0.012858,0.017427,-0.038203,0.161290,69737.375000,0.000000,0,0.026199,0.024273,2213.540728
MISO,MIDW,2026-04,29,696,0.013515,0.017719,-0.018103,0.206897,68452.788793,0.000000,0,0.022995,0.020656,1837.894023
MISO,MIDW,2026-05,31,744,0.014436,0.027952,-0.062312,0.258065,70425.759409,0.000000,0,0.026359,0.019699,2395.827946
MISO,MIDW,2026-06,30,715,0.030782,0.030782,0.004927,0.000000,82012.155640,0.000000,0,0.025188,0.023874,2614.245639
MISO,MIDW,2026-07,31,744,0.032667,0.033042,-0.005090,0.064516,93027.955645,0.000000,0,0.027751,0.025456,3298.716402
MISO,MIDW,2026-08,31,744,0.029205,0.030204,-0.006142,0.129032,88504.884409,0.000000,0,0.024840,0.023959,2785.521341
MISO,MIDW,2026-09,7,168,0.024401,0.024401,0.001803,0.000000,92424.750000,0.000000,0,0.021943,0.019695,2644.227708
NEVP,NW,2024-01,31,744,-0.045251,0.045383,-0.087750,0.967742,4002.022849,0.000000,0,0.045428,-0.044699,211.854389
NEVP,NW,2024-02,29,696,-0.047737,0.047737,-0.085597,1.000000,3842.382184,0.000000,0,0.045785,-0.043701,197.240875
NEVP,NW,2024-03,31,742,-0.056639,0.059364,-0.186627,0.967742,3636.840404,0.000000,1,0.056827,-0.052760,244.345934
NEVP,NW,2024-04,30,720,-0.083908,0.083908,-0.229347,1.000000,3824.244444,0.000000,0,0.067257,-0.062394,339.707918
NEVP,NW,2024-05,31,744,-0.089808,0.094155,-0.147973,0.967742,4459.552419,0.000000,0,0.094128,-0.086211,514.023695
NEVP,NW,2024-06,30,719,-0.078424,0.078424,-0.138462,1.000000,6067.736111,0.000000,1,0.091570,-0.089112,659.830578
NEVP,NW,2024-07,31,744,-0.052544,0.073997,-0.116457,0.838710,6731.221774,0.000000,0,0.085529,-0.055885,675.679840
NEVP,NW,2024-08,31,744,-0.049904,0.050181,-0.124875,0.967742,6181.259409,0.000000,0,0.068656,-0.066919,511.135599
NEVP,NW,2024-09,30,720,-0.034777,0.052356,-0.106933,0.700000,5274.719444,0.000000,0,0.065404,-0.051484,420.768447
NEVP,NW,2024-10,31,744,-0.051917,0.065813,-0.198518,0.838710,4433.868280,0.000000,0,0.064760,-0.047124,382.938079
NEVP,NW,2024-11,30,721,-0.117881,0.126467,-0.221884,0.866667,3715.972667,0.000000,0,0.059726,-0.019518,318.312203
NEVP,NW,2024-12,31,744,-0.146619,0.146619,-0.245125,1.000000,3986.016129,0.000000,0,0.065081,-0.057705,384.740167
NEVP,NW,2025-01,31,744,-0.074569,0.075244,-0.225035,0.903226,4068.560484,0.000000,0,0.063954,-0.058077,379.968004
NEVP,NW,2025-02,28,672,-0.044754,0.047591,-0.206163,0.857143,3815.107143,0.000000,0,0.064497,-0.059656,344.826397
NEVP,NW,2025-03,31,743,-0.060207,0.060207,-0.234048,1.000000,3753.910472,0.000000,0,0.064302,-0.062382,323.868341
NEVP,NW,2025-04,30,716,-0.065135,0.065135,-0.196378,1.000000,3893.973611,0.000000,0,0.075454,-0.073524,387.712222
NEVP,NW,2025-05,31,738,-0.090367,0.098031,-0.242457,0.903226,4557.014785,0.000000,3,0.086412,-0.077176,500.607102
NEVP,NW,2025-06,30,716,-0.056343,0.057988,-0.131586,0.900000,5845.697222,0.000000,2,0.070538,-0.065832,483.995621
NEVP,NW,2025-07,30,717,-0.043261,0.053227,-0.104743,0.866667,6199.429167,0.000000,1,0.071709,-0.060631,516.747525
NEVP,NW,2025-08,31,741,-0.046714,0.050357,-0.100332,0.903226,6289.125000,0.000000,1,0.069880,-0.062376,519.480285
NEVP,NW,2025-09,29,693,-0.044922,0.046284,-0.120748,0.965517,5184.452586,0.000000,1,0.056686,-0.047106,381.735991
NEVP,NW,2025-10,31,744,-0.072978,0.072978,-0.169977,1.000000,4086.575269,0.000000,0,0.085965,-0.085646,413.781098
NEVP,NW,2025-11,30,719,-0.063081,0.063081,-0.176219,1.000000,3938.775222,0.000000,0,0.072491,-0.072230,344.085272
NEVP,NW,2025-12,31,744,-0.073080,0.073080,-0.227857,1.000000,4072.616935,0.000000,0,0.090545,-0.090104,436.150462
NEVP,NW,2026-01,31,742,-0.079809,0.080273,-0.400933,0.935484,4156.823925,0.000000,0,0.091838,-0.090245,472.490893
NEVP,NW,2026-02,28,669,-0.067428,0.069288,-0.231646,0.857143,3992.706845,0.000000,0,0.077670,-0.075187,402.907099
NEVP,NW,2026-03,31,740,-0.054771,0.067334,-0.521893,0.741935,4264.607878,0.000000,1,0.082016,-0.072169,480.241274
NEVP,NW,2026-04,30,718,-0.069458,0.073977,-0.246132,0.900000,4006.934722,0.000000,0,0.082986,-0.075572,434.496547
NEVP,NW,2026-05,30,719,-0.050074,0.056790,-0.233528,0.766667,4841.706944,0.000000,1,0.088212,-0.079395,499.216249
NEVP,NW,2026-06,29,696,-0.038465,0.048494,-0.142754,0.827586,6009.909483,0.000000,0,0.089246,-0.079775,640.273326
NEVP,NW,2026-07,30,718,-0.041889,0.051171,-0.140048,0.866667,7019.148611,0.000000,1,0.075015,-0.065389,612.268236
NEVP,NW,2026-08,31,742,-0.059966,0.062467,-0.129825,0.903226,6998.533602,0.000000,1,0.077950,-0.069224,660.626937
NEVP,NW,2026-09,7,168,-0.082614,0.082614,-0.201438,1.000000,5403.619048,0.000000,0,0.077975,-0.076978,554.377010
NWMT,NW,2024-01,31,744,-0.018222,0.022388,-0.067340,0.838710,1609.375000,0.000000,0,0.018793,-0.009895,43.403010
NWMT,NW,2024-02,29,696,-0.013739,0.019857,-0.102220,0.724138,1473.833333,0.000000,0,0.017575,-0.001067,36.969971
NWMT,NW,2024-03,31,743,-0.016301,0.019236,-0.142347,0.806452,1400.590463,0.000000,0,0.013498,-0.004764,27.272465
NWMT,NW,2024-04,30,720,-0.022344,0.023508,-0.075384,0.966667,1294.327778,0.000000,0,0.019260,-0.011502,36.707515
NWMT,NW,2024-05,31,744,-0.017803,0.023542,-0.088667,0.741935,1251.471774,0.000000,0,0.018572,-0.002689,32.264323
NWMT,NW,2024-06,30,719,-0.015016,0.023298,-0.070735,0.733333,1328.368056,0.000000,0,0.018720,0.001464,33.755131
NWMT,NW,2024-07,31,743,-0.003252,0.016522,-0.040216,0.645161,1472.584677,0.000000,1,0.020929,0.011794,41.976472
NWMT,NW,2024-08,31,742,-0.022192,0.034506,-0.478463,0.677419,1444.940860,0.001403,2,0.018257,0.004050,69.669648
NWMT,NW,2024-09,30,720,-0.008317,0.029080,-0.060496,0.666667,1259.059722,0.000000,0,0.019580,0.003587,35.068722
NWMT,NW,2024-10,31,743,-0.012130,0.022396,-0.116085,0.709677,1294.561828,0.000000,1,0.016895,0.003522,29.121318
NWMT,NW,2024-11,30,720,-0.001218,0.014976,-0.057456,0.533333,1372.347500,0.000000,1,0.017395,0.005512,31.779361
NWMT,NW,2024-12,31,744,-0.008367,0.016627,-0.054713,0.645161,1433.525538,0.000000,0,0.015690,-0.002531,30.918380
NWMT,NW,2025-01,31,744,-0.013943,0.020456,-0.070376,0.741935,1564.786290,0.000000,0,0.017341,-0.005828,38.290521
NWMT,NW,2025-02,28,672,-0.019567,0.022366,-0.124562,0.750000,1594.952381,0.000000,0,0.018648,-0.004483,44.907792
NWMT,NW,2025-03,31,743,-0.017141,0.023796,-0.398230,0.645161,1312.989247,0.000000,0,0.017466,0.002898,43.357787
NWMT,NW,2025-04,30,720,-0.020587,0.028145,-0.158847,0.666667,1228.243056,0.000000,0,0.018370,0.002049,33.306385
NWMT,NW,2025-05,31,744,-0.015483,0.025440,-0.073095,0.612903,1183.350806,0.000000,0,0.021153,0.002922,34.348956
NWMT,NW,2025-06,30,720,-0.022625,0.029117,-0.207163,0.766667,1290.359722,0.000000,0,0.015285,-0.000025,31.511880
NWMT,NW,2025-07,31,740,-0.020323,0.028825,-0.065378,0.838710,1430.612903,0.000000,4,0.033255,0.009170,92.034644
NWMT,NW,2025-08,31,744,-0.018206,0.027257,-0.077406,0.774194,1366.518817,0.000000,0,0.016355,-0.001715,32.919154
NWMT,NW,2025-09,30,720,-0.014520,0.023908,-0.164783,0.666667,1240.325000,0.000000,0,0.014143,-0.000645,27.711836
NWMT,NW,2025-10,31,741,-0.018929,0.021224,-0.079181,0.838710,1435.040323,0.000000,3,0.015102,-0.003966,26.747331
NWMT,NW,2025-11,30,721,-0.002245,0.016904,-0.039148,0.533333,1306.205389,0.000000,0,0.015951,0.002981,29.335427
NWMT,NW,2025-12,31,743,-0.015887,0.034662,-0.119505,0.580645,1461.380376,0.000000,1,0.036048,0.001620,75.110542
NWMT,NW,2026-01,31,744,-0.010862,0.051970,-0.129854,0.548387,1392.283602,0.000000,0,0.066497,0.039520,111.517002
NWMT,NW,2026-02,28,672,-0.006365,0.015283,-0.074917,0.535714,1370.089286,0.000000,0,0.018383,0.002334,37.371964
NWMT,NW,2026-03,31,743,-0.002790,0.017577,-0.038541,0.548387,1253.759935,0.000000,0,0.023922,0.011129,40.622578
NWMT,NW,2026-04,30,720,-0.007192,0.016912,-0.048510,0.600000,1213.819444,0.000000,0,0.013733,-0.002029,22.556072
NWMT,NW,2026-05,31,743,-0.031132,0.035447,-0.105493,0.806452,1232.994624,0.000000,0,0.022196,-0.010737,40.220104
NWMT,NW,2026-06,30,718,-0.023170,0.029322,-0.061550,0.766667,1358.426389,0.000000,1,0.023093,-0.007943,38.904730
NWMT,NW,2026-07,31,744,-0.009216,0.031743,-0.080798,0.612903,1514.673387,0.000000,0,0.029469,-0.005119,60.187174
NWMT,NW,2026-08,31,744,-0.024950,0.032652,-0.196943,0.677419,1407.896505,0.000000,0,0.019738,-0.008177,39.505835
NWMT,NW,2026-09,7,168,-0.023997,0.027973,-0.044266,0.857143,1277.297619,0.000000,0,0.023692,-0.012592,42.372287
NYIS,NY,2024-01,31,743,-0.034527,0.034527,-0.059998,1.000000,18044.391129,0.000000,0,0.035574,-0.034904,745.862330
NYIS,NY,2024-02,29,696,-0.025166,0.025544,-0.044777,0.965517,17058.635057,0.000000,0,0.026187,-0.023840,535.309978
NYIS,NY,2024-03,31,743,-0.034557,0.036809,-0.083148,0.967742,15668.386279,0.000000,0,0.028793,-0.024256,581.606232
NYIS,NY,2024-04,30,720,-0.027510,0.027989,-0.070140,0.966667,14805.098611,0.000000,0,0.025832,-0.020911,471.354536
NYIS,NY,2024-05,31,744,-0.026657,0.028401,-0.082176,0.870968,15277.024194,0.000000,0,0.024339,-0.020364,479.103354
NYIS,NY,2024-06,29,696,-0.017101,0.022316,-0.067776,0.827586,19008.261494,0.000000,0,0.024871,-0.020363,559.221533
NYIS,NY,2024-07,31,744,-0.023430,0.032589,-0.074167,0.838710,21531.263441,0.000000,0,0.026458,-0.022324,694.275277
NYIS,NY,2024-08,31,744,-0.026568,0.029746,-0.085041,0.838710,19501.004032,0.000000,0,0.024458,-0.019696,639.653110
NYIS,NY,2024-09,30,720,-0.024964,0.026903,-0.082496,0.900000,16519.461111,0.000000,0,0.019576,-0.017401,435.399982
NYIS,NY,2024-10,30,718,-0.024999,0.025677,-0.054493,0.900000,15002.070833,0.000000,0,0.028788,-0.027929,495.548479
NYIS,NY,2024-11,30,721,-0.027232,0.027524,-0.072933,0.966667,15700.277722,0.000000,0,0.031295,-0.030422,568.902679
NYIS,NY,2024-12,31,744,-0.033792,0.033818,-0.070794,0.967742,17983.534946,0.000000,0,0.037073,-0.035617,817.572997
NYIS,NY,2025-01,31,742,-0.039678,0.039678,-0.064661,1.000000,18996.467742,0.000000,0,0.036954,-0.035700,779.384944
NYIS,NY,2025-02,28,672,-0.033013,0.033013,-0.075187,1.000000,18348.766369,0.000000,0,0.031331,-0.027940,681.658625
NYIS,NY,2025-03,30,719,-0.028557,0.028557,-0.054139,1.000000,15767.836232,0.000000,0,0.028945,-0.022654,555.274866
NYIS,NY,2025-04,30,720,-0.029477,0.030414,-0.056556,0.933333,14896.812500,0.000000,0,0.027895,-0.023781,521.320005
NYIS,NY,2025-05,31,744,-0.023210,0.026395,-0.064701,0.838710,14818.368280,0.000000,0,0.031322,-0.025126,558.165494
NYIS,NY,2025-06,30,720,-0.020026,0.027920,-0.084448,0.733333,18375.406944,0.000000,0,0.026258,-0.015948,769.915327
NYIS,NY,2025-07,31,744,-0.027727,0.033377,-0.094384,0.870968,21868.321237,0.000000,0,0.026476,-0.015841,724.952863
NYIS,NY,2025-08,31,744,-0.006864,0.016614,-0.042390,0.741935,18389.505376,0.000000,0,0.017501,-0.000744,428.587880
NYIS,NY,2025-09,29,696,-0.022398,0.025427,-0.069276,0.827586,16373.436782,0.000000,0,0.019020,-0.015691,428.960127
NYIS,NY,2025-10,31,744,-0.017811,0.018178,-0.042056,0.967742,14967.123656,0.000000,0,0.023012,-0.021560,418.612992
NYIS,NY,2025-11,30,721,-0.021329,0.021780,-0.048248,0.966667,16132.522056,0.000000,0,0.023618,-0.022158,464.681165
NYIS,NY,2025-12,31,744,-0.028911,0.028917,-0.097259,0.967742,18717.608871,0.000000,0,0.031572,-0.030670,722.190443
NYIS,NY,2026-01,31,744,-0.030031,0.030031,-0.056616,1.000000,19335.350806,0.000000,0,0.029775,-0.028099,674.200048
NYIS,NY,2026-02,27,648,-0.024439,0.024439,-0.069087,1.000000,18933.458333,0.000000,0,0.027276,-0.017527,643.617922
NYIS,NY,2026-03,31,743,-0.024286,0.024951,-0.062367,0.967742,16120.382071,0.000000,0,0.030553,-0.017069,671.425629
NYIS,NY,2026-04,29,696,-0.030159,0.030159,-0.105473,1.000000,14585.186782,0.000000,0,0.025060,-0.017563,501.941160
NYIS,NY,2026-05,31,744,-0.025546,0.026551,-0.108096,0.903226,14697.461022,0.000000,0,0.028089,-0.021604,565.931825
NYIS,NY,2026-06,30,720,-0.020952,0.029152,-0.072345,0.766667,17741.590278,0.000000,0,0.026469,-0.019447,573.348007
NYIS,NY,2026-07,31,744,-0.003038,0.023785,-0.056025,0.548387,20121.375000,0.000000,0,0.021722,-0.002053,635.211502
NYIS,NY,2026-08,31,744,-0.013015,0.025409,-0.066224,0.677419,19533.974462,0.000000,0,0.022053,-0.007421,557.637587
NYIS,NY,2026-09,7,168,-0.022008,0.027264,-0.047562,0.857143,18195.672619,0.000000,0,0.034053,-0.024231,701.600428
PACE,NW,2024-01,31,744,0.024745,0.030899,-0.059034,0.129032,6097.836022,0.000000,0,0.041745,0.035934,303.212280
PACE,NW,2024-02,29,696,0.007355,0.027784,-0.076157,0.379310,5912.186782,0.000000,0,0.029011,0.012509,214.299252
PACE,NW,2024-03,31,743,-0.013855,0.030059,-0.065960,0.741935,5725.710320,0.000000,0,0.029212,-0.002244,208.570669
PACE,NW,2024-04,30,720,-0.020823,0.028754,-0.070511,0.733333,5395.738889,0.000000,0,0.024711,-0.004727,169.976506
PACE,NW,2024-05,31,744,-0.035989,0.043764,-0.106515,0.838710,5531.215054,0.000000,0,0.029315,-0.013541,210.823408
PACE,NW,2024-06,30,720,0.003554,0.025832,-0.049578,0.466667,6604.288889,0.000000,0,0.032267,0.017239,272.500887
PACE,NW,2024-07,31,744,0.059811,0.059811,0.001786,0.000000,7008.193548,0.000000,0,0.072685,0.070175,562.615873
PACE,NW,2024-08,31,744,0.041118,0.046502,-0.038536,0.096774,6580.793011,0.000000,0,0.072167,0.070199,548.263255
PACE,NW,2024-09,30,720,0.039779,0.045378,-0.055182,0.100000,5798.697222,0.000000,0,0.060036,0.058477,393.771793
PACE,NW,2024-10,31,744,0.011096,0.034261,-0.057076,0.451613,5500.010753,0.000000,0,0.032471,0.022878,224.241910
PACE,NW,2024-11,30,721,-0.008472,0.024445,-0.053464,0.633333,5889.997500,0.000000,0,0.028805,-0.007693,206.125408
PACE,NW,2024-12,31,744,0.012449,0.031288,-0.046020,0.451613,6028.526882,0.000000,0,0.038743,0.021654,301.577724
PACE,NW,2025-01,31,744,0.019831,0.029337,-0.045482,0.258065,6316.633065,0.000000,0,0.034414,0.024743,261.414432
PACE,NW,2025-02,28,672,-0.001058,0.037366,-0.132170,0.428571,6096.666667,0.000000,0,0.038498,0.022018,284.895420
PACE,NW,2025-03,31,743,0.000052,0.033972,-0.112573,0.387097,5724.801660,0.000000,0,0.033067,0.016202,234.421696
PACE,NW,2025-04,30,720,-0.015871,0.026924,-0.070047,0.700000,5548.101389,0.000000,0,0.022737,0.002023,158.093590
PACE,NW,2025-05,31,744,-0.027776,0.037002,-0.113914,0.741935,5789.420699,0.000000,0,0.028090,0.000979,221.536166
PACE,NW,2025-06,30,720,0.026021,0.034115,-0.050485,0.133333,6788.480556,0.000000,0,0.039911,0.033013,325.982006
PACE,NW,2025-07,31,744,0.043241,0.043241,0.002201,0.000000,7191.086022,0.000000,0,0.061555,0.060428,502.235288
PACE,NW,2025-08,31,744,0.054726,0.056038,-0.020327,0.032258,6759.278226,0.000000,0,0.076373,0.075476,568.905789
PACE,NW,2025-09,30,720,0.023966,0.026675,-0.014723,0.166667,5973.109722,0.000000,0,0.039946,0.035580,292.179214
PACE,NW,2025-10,31,744,0.009869,0.025792,-0.056200,0.322581,5463.404570,0.000000,0,0.043124,0.037369,280.172228
PACE,NW,2025-11,30,721,0.002816,0.029956,-0.055331,0.500000,5576.302056,0.000000,0,0.048385,0.040026,316.186860
PACE,NW,2025-12,31,744,-0.009992,0.025054,-0.054239,0.741935,6182.786290,0.000000,0,0.026420,-0.002224,207.010136
PACE,NW,2026-01,27,647,0.000940,0.023790,-0.095722,0.481481,6304.813272,0.000000,1,0.028601,0.012141,227.329867
PACE,NW,2026-02,28,672,0.008692,0.030483,-0.047690,0.428571,5925.549107,0.000000,0,0.040399,0.032505,286.498616
PACE,NW,2026-03,31,743,-0.003099,0.032480,-0.109182,0.483871,5560.675199,0.000000,0,0.039191,0.024170,265.132065
PACE,NW,2026-04,30,720,-0.025414,0.039504,-0.107160,0.666667,5535.312500,0.000000,0,0.035193,0.013814,242.799248
PACE,NW,2026-05,31,743,-0.014555,0.041028,-0.078770,0.709677,5879.490591,0.000000,1,0.049277,0.027618,346.798843
PACE,NW,2026-06,30,720,0.023861,0.038826,-0.065068,0.333333,6553.161111,0.000000,0,0.057367,0.040424,478.654362
PACE,NW,2026-07,31,744,0.050334,0.054934,-0.035846,0.096774,7495.875000,0.000000,0,0.081300,0.072768,747.386646
PACE,NW,2026-08,31,744,0.035469,0.048724,-0.106578,0.258065,6992.228495,0.000000,0,0.092744,0.081114,775.453495
PACE,NW,2026-09,7,168,-0.012469,0.024106,-0.096151,0.428571,6228.845238,0.000000,0,0.070620,0.031558,546.407319
PACW,NW,2024-01,31,744,0.005812,0.033587,-0.132260,0.354839,2774.704301,0.000000,0,0.037225,0.022194,127.899974
PACW,NW,2024-02,29,696,0.023529,0.036586,-0.038970,0.344828,2548.283046,0.000000,0,0.050299,0.035774,156.805273
PACW,NW,2024-03,31,743,-0.003335,0.025517,-0.092903,0.451613,2399.363429,0.000000,0,0.043898,0.022043,137.417554
PACW,NW,2024-04,30,720,0.017915,0.028103,-0.035449,0.300000,2176.645833,0.000000,0,0.037481,0.027531,106.068505
PACW,NW,2024-05,31,744,0.019593,0.041998,-0.058144,0.322581,2132.256720,0.000000,0,0.037676,0.029116,95.442180
PACW,NW,2024-06,30,720,0.026436,0.033983,-0.044362,0.133333,2254.616667,0.000000,0,0.034907,0.030837,103.168309
PACW,NW,2024-07,31,744,0.031603,0.037178,-0.027704,0.225806,2663.569892,0.000000,0,0.045417,0.037856,152.407860
PACW,NW,2024-08,31,744,0.036851,0.039987,-0.022321,0.129032,2439.006720,0.000000,0,0.046387,0.043558,140.200202
PACW,NW,2024-09,30,720,0.015269,0.027703,-0.048155,0.366667,2246.398611,0.000000,0,0.029811,0.024328,91.371335
PACW,NW,2024-10,31,744,0.011734,0.026112,-0.045796,0.354839,2197.538978,0.000000,0,0.029301,0.017501,83.371319
PACW,NW,2024-11,30,721,0.009832,0.031594,-0.054812,0.333333,2523.052556,0.000000,0,0.040313,0.022805,123.831297
PACW,NW,2024-12,31,744,0.029723,0.040626,-0.043631,0.193548,2711.553763,0.000000,0,0.044423,0.034963,141.916363
PACW,NW,2025-01,31,744,0.008056,0.025270,-0.045160,0.387097,2842.891129,0.000000,0,0.037847,0.030328,130.334083
PACW,NW,2025-02,28,672,0.029765,0.044925,-0.085551,0.250000,2825.601190,0.000000,0,0.055882,0.039713,199.253768
PACW,NW,2025-03,31,743,0.021700,0.034401,-0.064610,0.290323,2374.784771,0.000000,0,0.045458,0.032163,134.461730
PACW,NW,2025-04,30,720,0.023494,0.033516,-0.040563,0.333333,2141.169444,0.000000,0,0.036502,0.028029,97.060198
PACW,NW,2025-05,31,744,0.006301,0.025750,-0.103722,0.419355,2161.348118,0.000000,0,0.025790,0.006439,71.107644
PACW,NW,2025-06,30,720,0.264218,0.264218,0.072137,0.000000,1775.045833,0.000000,0,0.415669,0.415669,732.081651
PACW,NW,2025-07,31,744,0.213035,0.213035,0.121021,0.000000,2058.885753,0.000000,0,0.313987,0.313987,643.666428
PACW,NW,2025-08,31,744,0.183636,0.187394,-0.029380,0.064516,2054.430108,0.000000,0,0.302325,0.300167,610.714553
PACW,NW,2025-09,30,720,0.012972,0.021479,-0.031650,0.233333,2336.315278,0.000000,0,0.026417,0.013130,76.122754
PACW,NW,2025-10,31,744,0.014888,0.021727,-0.039295,0.225806,2230.701613,0.000000,0,0.030035,0.025002,79.215228
PACW,NW,2025-11,30,721,0.028150,0.030851,-0.022048,0.100000,2382.753444,0.000000,0,0.038700,0.035321,114.380269
PACW,NW,2025-12,31,744,0.007626,0.028505,-0.095890,0.387097,2583.065860,0.000000,0,0.031161,0.017572,98.326822
PACW,NW,2026-01,31,744,-0.008899,0.026791,-0.063584,0.645161,2771.629032,0.000000,0,0.028867,0.002867,98.312038
PACW,NW,2026-02,28,672,0.024440,0.029509,-0.040531,0.142857,2560.593750,0.000000,0,0.042999,0.038725,125.613447
PACW,NW,2026-03,31,743,0.009456,0.025712,-0.066290,0.322581,2254.066912,0.000000,0,0.023890,0.013340,69.251769
PACW,NW,2026-04,30,720,0.005740,0.022887,-0.041438,0.466667,2167.490278,0.000000,0,0.019360,0.003057,53.854047
PACW,NW,2026-05,31,744,-0.011381,0.025218,-0.121083,0.645161,2159.174731,0.000000,0,0.021485,-0.004259,58.848939
PACW,NW,2026-06,30,720,0.007161,0.018103,-0.037107,0.466667,2342.690278,0.000000,0,0.018153,0.005187,59.162570
PACW,NW,2026-07,31,744,0.001632,0.026242,-0.059254,0.451613,2562.176075,0.000000,0,0.021734,0.002630,75.739730
PACW,NW,2026-08,31,744,-0.006226,0.027703,-0.057548,0.612903,2554.674731,0.000000,0,0.022426,-0.001232,75.966904
PACW,NW,2026-09,7,168,0.024816,0.049950,-0.073722,0.285714,2130.351190,0.000000,0,0.029387,0.016545,85.230989
PGE,NW,2024-01,31,744,-0.006379,0.016774,-0.046639,0.548387,2897.739247,0.000000,0,0.012340,-0.004015,58.390418
PGE,NW,2024-02,29,696,-0.005038,0.014773,-0.042416,0.655172,2675.630747,0.000000,0,0.011784,-0.000151,53.968062
PGE,NW,2024-03,31,743,-0.004322,0.012772,-0.043382,0.483871,2547.153752,0.000000,0,0.013405,0.001593,55.934686
PGE,NW,2024-04,30,720,-0.001964,0.012517,-0.068790,0.533333,2342.309722,0.000000,0,0.012965,0.001152,47.608371
PGE,NW,2024-05,31,744,-0.007413,0.017375,-0.077185,0.580645,2294.135753,0.000000,0,0.013333,0.001755,49.441165
PGE,NW,2024-06,30,720,-0.011832,0.019508,-0.050822,0.566667,2349.195833,0.000000,0,0.011759,-0.000296,42.354785
PGE,NW,2024-07,31,744,0.008538,0.018661,-0.028143,0.387097,2767.172043,0.000000,0,0.012675,0.004080,56.410053
PGE,NW,2024-08,31,744,0.002655,0.022194,-0.044622,0.451613,2619.748656,0.000000,0,0.011262,0.003314,49.637774
PGE,NW,2024-09,30,720,-0.006844,0.021250,-0.063328,0.533333,2492.726389,0.000000,0,0.011969,-0.000194,49.868382
PGE,NW,2024-10,31,744,-0.008425,0.012272,-0.047790,0.806452,2422.319892,0.000000,0,0.009069,-0.000530,35.882968
PGE,NW,2024-11,30,721,0.004684,0.015793,-0.051830,0.400000,2700.789778,0.000000,0,0.010532,0.000713,44.549634
PGE,NW,2024-12,31,744,0.000842,0.014147,-0.042679,0.483871,2894.498656,0.000000,0,0.012131,-0.000539,55.968201
PGE,NW,2025-01,31,744,0.001486,0.013433,-0.078955,0.419355,2977.149194,0.000000,0,0.009749,0.003276,41.412283
PGE,NW,2025-02,28,672,0.004786,0.012272,-0.024418,0.285714,2946.345238,0.000000,0,0.013209,0.004059,61.431897
PGE,NW,2025-03,31,743,-0.008728,0.014194,-0.067572,0.645161,2629.513032,0.000000,0,0.014513,-0.003941,58.552377
PGE,NW,2025-04,30,720,0.000849,0.010988,-0.055395,0.433333,2421.752778,0.000000,0,0.013970,0.004187,52.659823
PGE,NW,2025-05,31,744,-0.001613,0.015471,-0.040990,0.612903,2359.540323,0.000000,0,0.015483,0.005748,52.741317
PGE,NW,2025-06,30,720,-0.008353,0.019617,-0.054233,0.666667,2519.181944,0.000000,0,0.013576,0.000317,47.783162
PGE,NW,2025-07,31,744,-0.002312,0.025509,-0.069604,0.709677,2808.001344,0.000000,0,0.015529,0.001203,72.901253
PGE,NW,2025-08,31,744,0.000548,0.025294,-0.061364,0.548387,2884.504032,0.000000,0,0.015758,0.000129,69.828053
PGE,NW,2025-09,30,720,0.012956,0.025088,-0.039841,0.433333,2616.876389,0.000000,0,0.015906,0.007113,73.569081
PGE,NW,2025-10,31,744,0.003530,0.010780,-0.024821,0.387097,2528.415323,0.000000,0,0.013808,0.007178,49.135921
PGE,NW,2025-11,30,721,0.011541,0.020171,-0.034611,0.300000,2674.129111,0.000000,0,0.015249,0.007513,55.257774
PGE,NW,2025-12,31,744,0.004843,0.014988,-0.032337,0.387097,2833.904570,0.000000,0,0.014243,0.003368,57.301997
PGE,NW,2026-01,31,744,-0.000509,0.013418,-0.057393,0.483871,2968.330645,0.000000,0,0.014468,-0.000147,59.132642
PGE,NW,2026-02,28,672,-0.005523,0.011211,-0.044058,0.607143,2856.933036,0.000000,0,0.013846,0.002963,56.789044
PGE,NW,2026-03,31,743,-0.007301,0.015268,-0.044696,0.580645,2655.452022,0.000000,0,0.019180,0.002820,72.476023
PGE,NW,2026-04,30,720,-0.019687,0.025473,-0.144090,0.666667,2516.325000,0.000000,0,0.016614,-0.001490,64.307173
PGE,NW,2026-05,31,744,-0.022131,0.030995,-0.140013,0.741935,2455.982527,0.000000,0,0.017938,-0.000915,76.537845
PGE,NW,2026-06,30,720,-0.002755,0.014936,-0.035291,0.533333,2621.573611,0.000000,0,0.012760,0.002370,48.563947
PGE,NW,2026-07,31,744,0.008683,0.018946,-0.025865,0.387097,2760.497312,0.000000,0,0.016816,0.010031,83.321279
PGE,NW,2026-08,31,744,0.008905,0.026696,-0.039070,0.612903,2789.572581,0.000000,0,0.016263,0.005843,73.947099
PGE,NW,2026-09,7,168,0.030184,0.034387,-0.014711,0.142857,2460.738095,0.000000,0,0.023160,0.016337,76.319972
PJM,MIDA,2024-01,31,744,-0.019848,0.022174,-0.067190,0.838710,101535.913978,0.000000,0,0.032774,-0.017365,4035.127247
PJM,MIDA,2024-02,29,696,-0.014099,0.019120,-0.045722,0.758621,92687.350575,0.000000,0,0.030533,-0.011076,3397.151214
PJM,MIDA,2024-03,30,720,-0.017960,0.020097,-0.057222,0.933333,84404.545833,0.000000,0,0.032296,-0.010717,3252.496211
PJM,MIDA,2024-04,30,720,-0.018522,0.023999,-0.061657,0.766667,80684.269444,0.000000,0,0.031196,-0.009345,3069.907482
PJM,MIDA,2024-05,31,744,-0.017544,0.024659,-0.064458,0.838710,85582.518817,0.000000,0,0.037151,-0.021473,4006.643859
PJM,MIDA,2024-06,30,720,-0.016803,0.024453,-0.063055,0.766667,102261.184722,0.000000,0,0.046683,-0.025220,5867.271205
PJM,MIDA,2024-07,31,744,-0.010421,0.021416,-0.065966,0.709677,109834.766129,0.000000,0,0.043516,-0.020119,5657.875245
PJM,MIDA,2024-08,31,744,-0.016197,0.022385,-0.076908,0.806452,104188.536290,0.000000,0,0.042810,-0.020396,5207.489921
PJM,MIDA,2024-09,30,720,-0.011275,0.017979,-0.062246,0.733333,89408.576389,0.000000,0,0.035794,-0.016835,3932.884467
PJM,MIDA,2024-10,31,744,-0.018015,0.021390,-0.056312,0.870968,80122.366935,0.000000,0,0.029148,-0.006935,2813.651768
PJM,MIDA,2024-11,29,696,-0.020792,0.022092,-0.061285,0.931034,84457.337644,0.000000,0,0.032259,-0.012746,3439.575479
PJM,MIDA,2024-12,31,744,-0.010533,0.018719,-0.046497,0.774194,98136.931452,0.000000,0,0.033034,-0.012839,3879.845660
PJM,MIDA,2025-01,31,744,-0.018307,0.024374,-0.070904,0.806452,110210.505376,0.000000,0,0.030927,-0.009321,4352.179940
PJM,MIDA,2025-02,28,672,-0.021996,0.023986,-0.066566,0.785714,102009.101190,0.000000,0,0.031182,-0.013964,3796.635571
PJM,MIDA,2025-03,31,743,-0.023623,0.026555,-0.089286,0.806452,86801.261454,0.000000,0,0.033777,-0.012448,3498.718601
PJM,MIDA,2025-04,30,720,-0.020455,0.023439,-0.061040,0.833333,82615.816667,0.000000,0,0.031988,-0.010006,3217.533875
PJM,MIDA,2025-05,31,744,-0.013667,0.024067,-0.060170,0.677419,82272.732527,0.000000,0,0.032064,-0.019314,3310.188318
PJM,MIDA,2025-06,30,720,-0.023332,0.026676,-0.059034,0.900000,103844.326389,0.000000,0,0.042516,-0.029729,5456.092955
PJM,MIDA,2025-07,31,744,-0.008477,0.018829,-0.051451,0.612903,116170.939516,0.000000,0,0.042822,-0.019445,5825.857878
PJM,MIDA,2025-08,31,744,-0.004801,0.023314,-0.053549,0.516129,101272.942204,0.000000,0,0.038814,-0.010213,4725.774138
PJM,MIDA,2025-09,30,720,-0.021064,0.025785,-0.085875,0.800000,91575.509722,0.000000,0,0.035974,-0.020911,3973.205402
PJM,MIDA,2025-10,31,744,-0.017633,0.022426,-0.050094,0.870968,83665.923387,0.000000,0,0.029753,-0.009938,2939.746987
PJM,MIDA,2025-11,29,696,-0.013790,0.015396,-0.037585,0.896552,89657.793103,0.000000,0,0.029163,-0.014215,3121.961698
PJM,MIDA,2025-12,31,744,-0.009477,0.023795,-0.061972,0.741935,105275.540323,0.000000,0,0.033074,-0.005842,4269.602310
PJM,MIDA,2026-01,31,744,-0.018475,0.022912,-0.048792,0.838710,110995.284946,0.000000,0,0.032523,-0.014587,4328.749003
PJM,MIDA,2026-02,28,672,-0.012460,0.021007,-0.055704,0.642857,107397.425595,0.000000,0,0.029969,-0.007797,3935.123550
PJM,MIDA,2026-03,30,720,-0.023569,0.027233,-0.074559,0.900000,90549.730556,0.000000,0,0.036062,-0.015515,3872.488738
PJM,MIDA,2026-04,30,720,-0.010037,0.022541,-0.065057,0.733333,85137.866667,0.000000,0,0.035311,-0.011086,3623.763247
PJM,MIDA,2026-05,31,744,-0.023520,0.026035,-0.063734,0.870968,86868.193548,0.000000,0,0.034442,-0.021754,3699.669270
PJM,MIDA,2026-06,30,720,-0.016092,0.028169,-0.066833,0.766667,102089.766667,0.000000,0,0.040732,-0.023415,5221.805819
PJM,MIDA,2026-07,31,744,-0.007405,0.022037,-0.065597,0.612903,114932.098118,0.000000,0,0.039939,-0.015390,5556.484299
PJM,MIDA,2026-08,31,744,-0.012566,0.032292,-0.071379,0.709677,109831.926075,0.000000,0,0.043452,-0.020784,5722.122760
PJM,MIDA,2026-09,7,168,-0.008370,0.022772,-0.055272,0.714286,113183.113095,0.000000,0,0.037163,-0.012968,4910.141653
PNM,SW,2024-01,31,744,-0.052843,0.052843,-0.089122,1.000000,1741.400538,0.000000,0,0.064109,-0.064109,115.269093
PNM,SW,2024-02,29,696,-0.065051,0.065051,-0.093798,1.000000,1658.762931,0.000000,0,0.074962,-0.074962,127.476699
PNM,SW,2024-03,31,744,-0.066861,0.066861,-0.103410,1.000000,1541.875000,0.000000,0,0.076797,-0.076797,122.143468
PNM,SW,2024-04,30,720,-0.060292,0.060292,-0.132319,1.000000,1441.737500,0.000000,0,0.053884,-0.051053,92.323924
PNM,SW,2024-05,31,744,-0.063209,0.063209,-0.129318,1.000000,1504.485215,0.000000,0,0.057684,-0.057295,99.621245
PNM,SW,2024-06,30,720,-0.029484,0.056896,-0.114002,0.800000,1823.877778,0.000000,0,0.043863,-0.014425,101.928686
PNM,SW,2024-07,31,744,-0.057550,0.058484,-0.103993,0.967742,1855.444892,0.000000,0,0.039132,-0.032132,90.052494
PNM,SW,2024-08,31,744,-0.038367,0.043915,-0.082789,0.935484,1904.846774,0.000000,0,0.037275,-0.031365,84.696081
PNM,SW,2024-09,30,720,-0.061126,0.065701,-0.121244,0.933333,1691.077778,0.000000,0,0.065473,-0.064100,118.449696
PNM,SW,2024-10,31,744,-0.065991,0.067149,-0.119880,0.967742,1552.469086,0.000000,0,0.076758,-0.076677,127.750281
PNM,SW,2024-11,30,720,-0.079802,0.079802,-0.236381,1.000000,1618.852778,0.000000,0,0.082126,-0.077483,145.032630
PNM,SW,2024-12,31,744,-0.075029,0.075029,-0.145813,1.000000,1703.287634,0.000000,0,0.082893,-0.082732,151.280533
PNM,SW,2025-01,31,744,-0.087161,0.087161,-0.195230,1.000000,1824.798387,0.000000,0,0.087912,-0.087911,171.486425
PNM,SW,2025-02,28,672,-0.060253,0.060253,-0.091160,1.000000,1637.773810,0.000000,0,0.080218,-0.080218,136.351600
PNM,SW,2025-03,31,744,-0.071122,0.071122,-0.109209,1.000000,1569.669355,0.000000,0,0.080356,-0.080304,137.606122
PNM,SW,2025-04,30,720,-0.064666,0.064666,-0.144928,1.000000,1505.112500,0.000000,0,0.076845,-0.076845,130.855301
PNM,SW,2025-05,31,744,-0.065609,0.065609,-0.142646,1.000000,1518.142473,0.000000,0,0.067735,-0.067628,111.572382
PNM,SW,2025-06,30,720,-0.069920,0.072104,-0.119484,0.966667,1779.854167,0.000000,0,0.061161,-0.056429,127.845713
PNM,SW,2025-07,31,744,-0.054531,0.059616,-0.115052,0.903226,1898.151882,0.000000,0,0.052733,-0.049970,117.148542
PNM,SW,2025-08,31,744,-0.064003,0.064003,-0.117305,0.967742,1944.892473,0.000000,0,0.058058,-0.057380,130.238630
PNM,SW,2025-09,30,720,-0.053423,0.055934,-0.116667,0.933333,1646.336111,0.000000,0,0.049664,-0.047574,94.458214
PNM,SW,2025-10,31,744,-0.040223,0.040223,-0.095238,1.000000,1501.423387,0.000000,0,0.051475,-0.050316,87.456656
PNM,SW,2025-11,30,720,-0.037331,0.040087,-0.090656,0.866667,1531.181944,0.000000,0,0.047968,-0.042090,87.440297
PNM,SW,2025-12,31,744,-0.049557,0.049557,-0.094414,1.000000,1657.584677,0.000000,0,0.052557,-0.052324,100.523983
PNM,SW,2026-01,31,744,-0.068101,0.068101,-0.114026,1.000000,1729.858871,0.000000,0,0.069885,-0.069871,136.038583
PNM,SW,2026-02,28,672,-0.056436,0.061958,-0.148328,0.928571,1616.885417,0.000000,0,0.059427,-0.058399,113.043509
PNM,SW,2026-03,31,744,-0.035503,0.036641,-0.089871,0.935484,1507.403226,0.000000,0,0.044014,-0.042209,79.943865
PNM,SW,2026-04,30,720,-0.047987,0.047987,-0.085311,1.000000,1504.279167,0.000000,0,0.052941,-0.052496,89.337391
PNM,SW,2026-05,31,744,-0.058072,0.058827,-0.113479,0.967742,1598.544355,0.000000,0,0.052106,-0.051635,90.284400
PNM,SW,2026-06,30,720,-0.079992,0.079992,-0.134202,1.000000,1946.765278,0.000000,0,0.076217,-0.073913,169.002400
PNM,SW,2026-07,31,744,-0.081674,0.081674,-0.124952,1.000000,2109.267473,0.000000,0,0.071034,-0.067800,164.704436
PNM,SW,2026-08,31,744,-0.040150,0.041159,-0.077088,0.967742,2125.643817,0.000000,0,0.045141,-0.043323,104.997043
PNM,SW,2026-09,7,168,-0.034980,0.042465,-0.083932,0.714286,1986.494048,0.000000,0,0.051305,-0.046934,109.646781
PSCO,NW,2024-01,31,744,-0.013223,0.035071,-0.095514,0.548387,5441.727151,0.000000,0,0.036677,-0.013528,251.338326
PSCO,NW,2024-02,29,696,-0.058049,0.059564,-0.193153,0.896552,5134.002874,0.000000,0,0.047011,-0.032496,325.951644
PSCO,NW,2024-03,31,742,-0.053340,0.057119,-0.186470,0.903226,4908.013499,0.000000,0,0.045553,-0.032211,285.569403
PSCO,NW,2024-04,30,720,-0.073462,0.103029,-0.178460,0.900000,4622.620833,0.000000,0,0.065830,-0.028046,418.414831
PSCO,NW,2024-05,31,744,-0.100396,0.100396,-0.247752,1.000000,4556.826613,0.000000,0,0.076224,-0.073750,424.371951
PSCO,NW,2024-06,30,720,-0.080886,0.080926,-0.214218,0.966667,5644.340278,0.000000,0,0.059723,-0.050416,436.260949
PSCO,NW,2024-07,31,744,-0.063194,0.066991,-0.151400,0.967742,5892.100806,0.000000,0,0.059864,-0.049019,425.131624
PSCO,NW,2024-08,31,744,-0.081637,0.082310,-0.177320,0.967742,5822.716398,0.000000,0,0.066824,-0.056022,509.740906
PSCO,NW,2024-09,30,720,-0.090624,0.091451,-0.183356,0.966667,5164.995833,0.000000,0,0.070955,-0.064540,466.812196
PSCO,NW,2024-10,31,743,-0.096053,0.096625,-0.405175,0.967742,4617.372312,0.000000,0,0.070151,-0.057284,424.272872
PSCO,NW,2024-11,30,720,-0.073001,0.073039,-0.150910,0.966667,5081.852000,0.000000,0,0.064575,-0.062820,402.212836
PSCO,NW,2024-12,31,744,-0.055261,0.058868,-0.143161,0.903226,5221.022849,0.000000,0,0.055010,-0.048705,377.120555
PSCO,NW,2025-01,31,744,-0.072679,0.072765,-0.186703,0.967742,5695.553763,0.000000,0,0.065651,-0.061911,463.385006
PSCO,NW,2025-02,28,672,-0.071630,0.072510,-0.188664,0.928571,5346.851190,0.000000,0,0.059384,-0.054451,406.960183
PSCO,NW,2025-03,31,742,-0.050844,0.059660,-0.196075,0.838710,4768.538745,0.000000,0,0.053010,-0.044804,339.286345
PSCO,NW,2025-04,30,720,-0.113028,0.113028,-0.201947,1.000000,4649.262500,0.000000,0,0.074043,-0.069188,432.233741
PSCO,NW,2025-05,31,743,-0.133045,0.133282,-0.241635,0.967742,4587.360215,0.000000,0,0.100012,-0.098203,547.957632
PSCO,NW,2025-06,30,720,-0.099882,0.102035,-0.177675,0.933333,5414.791667,0.000000,0,0.083488,-0.078397,569.555502
PSCO,NW,2025-07,31,744,-0.083165,0.083165,-0.178936,1.000000,6028.915323,0.000000,0,0.067847,-0.058312,517.208059
PSCO,NW,2025-08,31,744,-0.091127,0.091127,-0.159270,1.000000,5757.681452,0.000000,0,0.072467,-0.064186,537.415398
PSCO,NW,2025-09,30,720,-0.084566,0.087888,-0.205640,0.933333,4886.016667,0.000000,0,0.067408,-0.054940,445.730764
PSCO,NW,2025-10,31,744,-0.081571,0.085293,-0.188925,0.935484,4676.376344,0.000000,0,0.085393,-0.078365,508.097832
PSCO,NW,2025-11,30,720,-0.114031,0.114977,-0.272903,0.966667,4944.983944,0.000000,0,0.097748,-0.095687,593.846106
PSCO,NW,2025-12,31,744,-0.103858,0.103858,-0.251394,1.000000,5315.354839,0.000000,0,0.077839,-0.073555,526.403722
PSCO,NW,2026-01,31,743,-0.156594,0.156594,-0.601248,1.000000,5523.922043,0.001403,1,0.124372,-0.120497,812.542999
PSCO,NW,2026-02,28,671,-0.200353,0.200353,-0.570006,1.000000,5216.174107,0.000000,0,0.143325,-0.143325,859.241863
PSCO,NW,2026-03,31,742,-0.213671,0.213671,-0.355596,1.000000,5070.742754,0.000000,0,0.156501,-0.156413,893.329271
PSCO,NW,2026-04,30,718,-0.267002,0.267002,-0.408866,1.000000,4488.568056,0.000000,2,0.181712,-0.151080,958.127440
PSCO,NW,2026-05,31,744,-0.308905,0.308905,-0.392319,1.000000,4985.825269,0.000000,0,0.237086,-0.237086,1307.371411
PSCO,NW,2026-06,30,720,-0.295263,0.295263,-0.355982,1.000000,5847.062500,0.000000,0,0.253209,-0.253209,1619.555450
PSCO,NW,2026-07,31,744,-0.331416,0.331416,-0.392707,1.000000,6774.322581,0.000000,0,0.286492,-0.286492,2123.155529
PSCO,NW,2026-08,31,744,-0.303068,0.303068,-0.386243,1.000000,6219.158602,0.000000,0,0.252701,-0.252696,1761.467223
PSCO,NW,2026-09,7,168,-0.300858,0.300858,-0.333561,1.000000,6073.654762,0.000000,0,0.261496,-0.261496,1718.465906
PSEI,NW,2024-01,31,744,-0.344835,0.344835,-0.503117,1.000000,3521.657258,0.000000,0,0.271150,-0.262275,1185.980204
PSEI,NW,2024-02,29,696,-0.236604,0.236604,-0.344253,1.000000,3211.525862,0.000000,0,0.172307,-0.154760,677.679671
PSEI,NW,2024-03,31,743,-0.327479,0.327479,-0.522706,1.000000,3004.187003,0.000000,0,0.246409,-0.244090,857.654100
PSEI,NW,2024-04,30,720,-0.290500,0.290500,-0.496995,1.000000,2697.173611,0.000000,0,0.223192,-0.221672,716.016678
PSEI,NW,2024-05,25,590,-0.537986,0.537986,-0.655564,1.000000,2527.338333,0.000000,10,0.484171,-0.484171,1291.913011
PSEI,NW,2024-06,29,690,-0.376038,0.376038,-0.564084,1.000000,2411.979885,0.000000,6,0.335586,-0.333688,911.098667
PSEI,NW,2024-07,31,744,-0.254617,0.254617,-0.424192,1.000000,2680.963710,0.000000,0,0.193165,-0.171706,661.738446
PSEI,NW,2024-08,31,744,-0.231683,0.234044,-0.371464,0.967742,2550.127688,0.000000,0,0.157216,-0.134651,529.761374
PSEI,NW,2024-09,30,720,-0.205133,0.205133,-0.319879,1.000000,2454.329167,0.000000,0,0.172920,-0.158478,522.386306
PSEI,NW,2024-10,31,744,-0.348511,0.348511,-0.538552,1.000000,2628.193548,0.000000,0,0.276058,-0.272785,859.452780
PSEI,NW,2024-11,30,721,-0.313136,0.313136,-0.461823,1.000000,3012.972889,0.000000,0,0.238624,-0.230498,850.965051
PSEI,NW,2024-12,31,744,-0.299646,0.299646,-0.436643,1.000000,3313.923387,0.000000,0,0.222736,-0.221530,854.830154
PSEI,NW,2025-01,31,744,-0.413784,0.413784,-0.493951,1.000000,3562.900538,0.000000,0,0.353579,-0.353579,1337.814894
PSEI,NW,2025-02,28,672,-0.390850,0.390850,-0.493668,1.000000,3518.495536,0.000000,0,0.354248,-0.354248,1339.212837
PSEI,NW,2025-03,31,735,-0.402236,0.402236,-0.582556,1.000000,2986.012915,0.000000,8,0.346794,-0.340996,1150.424840
PSEI,NW,2025-04,30,719,-0.462895,0.462895,-0.554011,1.000000,2590.720833,0.000000,1,0.414853,-0.414853,1134.243108
PSEI,NW,2025-05,31,731,-0.450682,0.450682,-0.642030,1.000000,2406.083333,0.000000,13,0.405295,-0.398495,1096.548846
PSEI,NW,2025-06,30,720,-0.290546,0.290546,-0.573246,1.000000,2461.765278,0.000000,0,0.246976,-0.238045,714.298671
PSEI,NW,2025-07,31,744,-0.183396,0.183601,-0.349281,0.967742,2625.518817,0.000000,0,0.154371,-0.122801,499.729166
PSEI,NW,2025-08,31,744,-0.199895,0.199895,-0.346641,1.000000,2628.754032,0.000000,0,0.145442,-0.118216,507.846885
PSEI,NW,2025-09,30,720,-0.201839,0.201839,-0.335636,1.000000,2469.702778,0.000000,0,0.178902,-0.165604,540.208955
PSEI,NW,2025-10,31,744,-0.415796,0.415796,-0.567173,1.000000,2668.274194,0.000000,0,0.378492,-0.378492,1088.993600
PSEI,NW,2025-11,30,721,-0.332723,0.332723,-0.425369,1.000000,2941.217611,0.000000,0,0.267783,-0.266759,906.210573
PSEI,NW,2025-12,31,744,-0.397009,0.397009,-0.511122,1.000000,3239.146505,0.000000,0,0.335516,-0.334766,1221.917459
PSEI,NW,2026-01,21,483,-0.607551,0.607551,-0.665336,1.000000,3323.819444,0.000000,21,0.562083,-0.562083,1916.497445
PSEI,NW,2026-02,8,182,-0.601081,0.601081,-0.647280,1.000000,3130.848958,0.000000,10,0.552974,-0.552974,1774.442929
PSEI,NW,2026-03,11,251,-0.583831,0.583831,-0.659449,1.000000,2931.932312,0.000000,12,0.531628,-0.531628,1606.409763
PSEI,NW,2026-04,19,439,-0.581082,0.581082,-0.664808,1.000000,2628.333333,0.000000,17,0.549928,-0.549928,1484.556436
PSEI,NW,2026-05,28,665,-0.546616,0.546616,-0.647688,1.000000,2440.434524,0.000000,7,0.520766,-0.520766,1317.790880
PSEI,NW,2026-06,23,547,-0.512366,0.512366,-0.597278,1.000000,2509.469203,0.000000,5,0.497800,-0.497800,1302.274155
PSEI,NW,2026-07,28,662,-0.392138,0.392138,-0.582727,1.000000,2592.959821,0.000000,10,0.367057,-0.366347,1040.734452
PSEI,NW,2026-08,31,744,-0.334305,0.334305,-0.427744,1.000000,2582.442204,0.000000,0,0.314061,-0.314041,881.644287
PSEI,NW,2026-09,7,168,-0.313082,0.313082,-0.395663,1.000000,2369.130952,0.000000,0,0.325137,-0.325137,846.128040
SC,CAR,2024-01,31,744,0.034389,0.038661,-0.040501,0.096774,3200.202957,0.000000,0,0.061211,0.059885,230.739560
SC,CAR,2024-02,29,696,0.006960,0.016780,-0.037308,0.310345,2996.813218,0.000000,0,0.035973,0.031173,138.374315
SC,CAR,2024-03,31,742,0.008499,0.026311,-0.084840,0.419355,2617.402248,0.000000,0,0.037397,0.029899,126.819911
SC,CAR,2024-04,30,720,0.020117,0.030395,-0.043118,0.300000,2620.936111,0.000000,0,0.038923,0.032179,124.481759
SC,CAR,2024-05,31,744,0.014363,0.029652,-0.059016,0.354839,2990.905914,0.000000,0,0.033449,0.024831,140.560284
SC,CAR,2024-06,30,720,0.007457,0.020164,-0.044900,0.366667,3490.568056,0.000000,0,0.029752,0.022659,136.220506
SC,CAR,2024-07,31,744,0.003722,0.020744,-0.045847,0.548387,3646.487903,0.000000,0,0.035177,0.030068,163.450335
SC,CAR,2024-08,31,744,0.002025,0.020628,-0.070020,0.516129,3443.588710,0.000000,0,0.031245,0.023374,137.595509
SC,CAR,2024-09,30,720,0.023697,0.035809,-0.046088,0.300000,3056.752778,0.000000,0,0.045693,0.040736,176.574190
SC,CAR,2024-10,30,720,-0.002672,0.027559,-0.172180,0.533333,2707.694444,0.000000,0,0.035624,0.021794,126.639712
SC,CAR,2024-11,30,721,0.009992,0.029566,-0.056394,0.366667,2694.605556,0.000000,0,0.036349,0.018744,121.463493
SC,CAR,2024-12,31,744,0.014139,0.024058,-0.049157,0.322581,3182.883065,0.000000,0,0.036389,0.029421,149.582205
SC,CAR,2025-01,31,744,0.007203,0.028319,-0.055592,0.451613,3731.630376,0.000000,0,0.042378,0.030389,201.874945
SC,CAR,2025-02,28,672,0.008357,0.028543,-0.081426,0.357143,3060.468750,0.000000,0,0.037945,0.025966,155.610424
SC,CAR,2025-03,31,742,-0.003086,0.013950,-0.046964,0.548387,2754.428519,0.000000,0,0.034895,0.021938,129.921898
SC,CAR,2025-04,30,720,-0.007459,0.027791,-0.072738,0.533333,2750.715278,0.000000,0,0.031847,0.010014,111.783378
SC,CAR,2025-05,31,744,0.003059,0.026718,-0.046792,0.612903,2936.154570,0.000000,0,0.032488,0.024088,128.215785
SC,CAR,2025-06,30,720,-0.020313,0.024801,-0.071872,0.866667,3517.905556,0.000000,0,0.029367,0.013027,134.591264
SC,CAR,2025-07,31,744,-0.001211,0.023095,-0.075044,0.451613,3796.067204,0.000000,0,0.030434,0.019254,165.290698
SC,CAR,2025-08,31,744,0.002220,0.036694,-0.082621,0.612903,3325.805108,0.000000,0,0.037747,0.018928,164.084619
SC,CAR,2025-09,29,696,-0.014247,0.028279,-0.092983,0.724138,3086.370690,0.000000,0,0.034277,0.010479,134.428617
SC,CAR,2025-10,31,744,-0.009188,0.027987,-0.079484,0.677419,2733.180108,0.000000,0,0.031854,0.010031,110.793102
SC,CAR,2025-11,30,719,-0.004956,0.021784,-0.071741,0.600000,2795.114855,0.000000,0,0.032391,0.001978,130.341426
SC,CAR,2025-12,31,744,-0.017710,0.029641,-0.094348,0.741935,3259.626344,0.000000,0,0.032489,-0.000742,139.544343
SC,CAR,2026-01,31,744,-0.004046,0.032190,-0.115392,0.516129,3465.065860,0.000000,0,0.040523,0.016189,211.161951
SC,CAR,2026-02,28,672,-0.005769,0.024004,-0.049275,0.535714,3344.226190,0.000000,0,0.035546,0.014783,170.833971
SC,CAR,2026-03,31,742,-0.018851,0.045011,-0.103197,0.709677,2797.312317,0.000000,0,0.039310,0.008829,144.976213
SC,CAR,2026-04,30,720,-0.022929,0.034469,-0.093678,0.700000,2838.697222,0.000000,0,0.036412,-0.002113,128.261982
SC,CAR,2026-05,31,744,-0.026996,0.035659,-0.084868,0.935484,3097.879032,0.000000,0,0.035439,-0.003006,132.709340
SC,CAR,2026-06,28,672,-0.000605,0.019667,-0.036256,0.535714,3591.959821,0.000000,0,0.044240,0.033037,206.062805
SC,CAR,2026-07,29,696,-0.001934,0.018291,-0.038600,0.517241,3956.705460,0.000000,0,0.038547,0.029134,207.908288
SC,CAR,2026-08,31,744,-0.007314,0.025327,-0.054196,0.645161,3824.018817,0.000000,0,0.047378,0.034505,227.991228
SC,CAR,2026-09,7,168,-0.011664,0.024927,-0.055674,0.428571,3839.023810,0.000000,0,0.045469,0.032147,200.163460
SCEG,CAR,2024-01,31,744,-0.027346,0.029243,-0.105441,0.903226,2827.084677,0.000000,0,0.038014,-0.032044,152.292755
SCEG,CAR,2024-02,29,696,-0.032771,0.037647,-0.118077,0.931034,2616.632184,0.000000,0,0.049253,-0.043403,179.461679
SCEG,CAR,2024-03,31,743,-0.068391,0.068802,-0.153318,0.967742,2293.663043,0.000000,0,0.036237,-0.030130,127.238926
SCEG,CAR,2024-04,30,720,-0.078391,0.082832,-0.213791,0.900000,2429.373611,0.000000,0,0.044581,-0.038502,168.066558
SCEG,CAR,2024-05,31,744,-0.018994,0.031237,-0.094784,0.709677,2802.116935,0.000000,0,0.041417,-0.030479,152.141863
SCEG,CAR,2024-06,29,696,-0.018588,0.022621,-0.066754,0.793103,3289.540230,0.000000,0,0.044319,-0.039927,182.071537
SCEG,CAR,2024-07,30,720,-0.017050,0.025906,-0.069622,0.766667,3538.890278,0.000000,0,0.057580,-0.050000,241.866817
SCEG,CAR,2024-08,29,696,-0.022943,0.028878,-0.106182,0.724138,3347.449713,0.000000,0,0.054814,-0.048303,225.352412
SCEG,CAR,2024-09,30,720,-0.021435,0.033244,-0.106324,0.766667,2847.170833,0.000000,0,0.042885,-0.033566,153.488884
SCEG,CAR,2024-10,31,744,-0.043002,0.052001,-0.181750,0.838710,2498.642473,0.000000,0,0.041392,-0.035887,145.698494
SCEG,CAR,2024-11,30,720,-0.066674,0.072450,-0.196885,0.800000,2441.487222,0.000000,0,0.045721,-0.037718,164.938747
SCEG,CAR,2024-12,31,744,-0.057623,0.058128,-0.222295,0.967742,2768.196237,0.000000,0,0.046866,-0.041624,189.643639
SCEG,CAR,2025-01,31,744,-0.041520,0.041520,-0.170084,1.000000,3225.135753,0.000000,0,0.044470,-0.035127,195.249513
SCEG,CAR,2025-02,28,671,-0.069395,0.070082,-0.207101,0.964286,2645.016369,0.000000,1,0.045312,-0.041530,177.486432
SCEG,CAR,2025-03,31,742,-0.080407,0.081062,-0.203054,0.935484,2367.572931,0.000000,1,0.046564,-0.042663,180.348696
SCEG,CAR,2025-04,28,672,-0.055998,0.070601,-0.165612,0.750000,2471.221726,0.000000,0,0.043971,-0.028811,161.366684
SCEG,CAR,2025-05,26,624,-0.028210,0.046876,-0.133700,0.769231,2725.070513,0.000000,0,0.047752,-0.034104,172.513526
SCEG,CAR,2025-06,30,720,-0.029749,0.037624,-0.086504,0.866667,3335.738889,0.000000,0,0.051955,-0.044480,212.910333
SCEG,CAR,2025-07,30,720,-0.029589,0.034721,-0.084868,0.766667,3626.798611,0.000000,0,0.052142,-0.038999,226.028237
SCEG,CAR,2025-08,28,672,-0.027251,0.037265,-0.242806,0.750000,3092.940476,0.000000,0,0.050835,-0.039515,216.899935
SCEG,CAR,2025-09,30,720,-0.040194,0.044297,-0.117891,0.900000,2849.629167,0.000000,0,0.057501,-0.052908,213.237156
SCEG,CAR,2025-10,25,600,-0.090477,0.090664,-0.171675,0.960000,2423.403333,0.000000,0,0.052324,-0.047374,173.630282
SCEG,CAR,2025-11,30,720,-0.069666,0.088846,-0.196210,0.700000,2441.558222,0.000000,0,0.051141,-0.030106,180.460507
SCEG,CAR,2025-12,31,744,-0.022163,0.044635,-0.212733,0.645161,2747.264785,0.000000,0,0.043528,-0.012615,155.019930
SCEG,CAR,2026-01,27,648,-0.043113,0.049349,-0.168957,0.814815,2961.040123,0.000000,0,0.048829,-0.029677,199.947130
SCEG,CAR,2026-02,28,672,-0.039698,0.048817,-0.201977,0.857143,2875.470238,0.000000,0,0.045901,-0.034590,176.926972
SCEG,CAR,2026-03,22,526,-0.071644,0.074131,-0.186267,0.954545,2421.741107,0.000000,1,0.053035,-0.044111,164.897992
SCEG,CAR,2026-04,30,720,-0.052283,0.062682,-0.225705,0.766667,2498.418056,0.000000,0,0.049614,-0.039917,174.098483
SCEG,CAR,2026-05,31,744,-0.060141,0.061113,-0.168360,0.967742,2764.826613,0.000000,0,0.059705,-0.050969,209.364556
SCEG,CAR,2026-06,28,672,-0.028114,0.030958,-0.113279,0.892857,3289.275298,0.000000,0,0.046307,-0.034346,193.279960
SCEG,CAR,2026-07,31,744,-0.034260,0.038253,-0.156332,0.870968,3694.642473,0.000000,0,0.050569,-0.034958,233.729763
SCEG,CAR,2026-08,31,744,-0.030871,0.032972,-0.085600,0.903226,3562.583333,0.000000,0,0.047414,-0.026305,198.049504
SCEG,CAR,2026-09,7,168,-0.061623,0.061623,-0.123320,1.000000,3644.363095,0.000000,0,0.064660,-0.059943,266.845940
SCL,NW,2024-01,31,744,-0.039073,0.042928,-0.097681,0.870968,1336.176075,0.000000,0,0.041055,-0.036279,76.512219
SCL,NW,2024-02,29,696,-0.024356,0.033674,-0.090486,0.758621,1215.583333,0.000000,0,0.031354,-0.016799,49.900836
SCL,NW,2024-03,31,742,-0.016641,0.035567,-0.127771,0.774194,1146.526239,0.000000,1,0.032275,-0.011279,48.477341
SCL,NW,2024-04,30,718,-0.020410,0.026783,-0.066789,0.800000,1037.263466,0.000000,0,0.029859,-0.018584,40.777455
SCL,NW,2024-05,31,744,-0.022781,0.029093,-0.114883,0.709677,955.529570,0.000000,0,0.029735,-0.010237,36.435039
SCL,NW,2024-06,30,720,-0.028386,0.035101,-0.109390,0.800000,924.359722,0.000000,0,0.030111,-0.015466,32.982403
SCL,NW,2024-07,31,744,-0.032052,0.037809,-0.100076,0.774194,1006.779570,0.000000,0,0.033066,-0.019605,44.516972
SCL,NW,2024-08,31,744,-0.031910,0.039539,-0.096801,0.806452,969.788978,0.000000,0,0.031613,-0.016047,38.273563
SCL,NW,2024-09,30,719,-0.026647,0.031814,-0.081967,0.833333,943.034722,0.000000,1,0.026530,-0.011373,30.810426
SCL,NW,2024-10,30,720,-0.017469,0.031615,-0.080619,0.666667,992.805556,0.000000,0,0.030588,-0.010469,37.037200
SCL,NW,2024-11,30,716,-0.009564,0.027553,-0.059594,0.600000,1137.420833,0.000000,2,0.025687,0.000339,39.268237
SCL,NW,2024-12,31,744,0.005482,0.029560,-0.040158,0.548387,1216.266129,0.000000,0,0.029832,0.007556,46.671294
SCL,NW,2025-01,31,744,-0.019569,0.029336,-0.081836,0.838710,1317.905914,0.000000,0,0.029804,-0.004759,53.291285
SCL,NW,2025-02,28,672,-0.039551,0.043322,-0.112933,0.857143,1324.723214,0.000000,0,0.033450,-0.026803,60.004638
SCL,NW,2025-03,31,742,-0.042605,0.045375,-0.239792,0.935484,1145.343502,0.000000,0,0.034469,-0.025322,51.912792
SCL,NW,2025-04,30,720,-0.024963,0.035372,-0.113305,0.766667,1014.018056,0.000000,0,0.029553,-0.016180,38.232440
SCL,NW,2025-05,31,744,-0.032144,0.035960,-0.110465,0.838710,938.521505,0.000000,0,0.027534,-0.017461,34.983387
SCL,NW,2025-06,30,719,-0.045318,0.050551,-0.085714,0.866667,870.108333,0.000000,0,0.036789,-0.028803,41.825886
SCL,NW,2025-07,31,744,-0.034842,0.041221,-0.075581,0.870968,988.837366,0.000000,0,0.031500,-0.018573,37.955690
SCL,NW,2025-08,31,744,-0.040637,0.047926,-0.106087,0.838710,1012.283602,0.000000,0,0.036119,-0.026017,44.037771
SCL,NW,2025-09,30,720,-0.030269,0.037788,-0.094919,0.733333,950.340278,0.000000,0,0.030991,-0.016397,36.166916
SCL,NW,2025-10,31,744,-0.047480,0.050223,-0.124324,0.903226,1016.743280,0.000000,0,0.038122,-0.028639,51.787523
SCL,NW,2025-11,30,721,-0.032043,0.045276,-0.100828,0.666667,1113.640389,0.000000,0,0.040995,-0.026500,59.920046
SCL,NW,2025-12,31,744,-0.034736,0.039797,-0.108926,0.838710,1224.586022,0.000000,0,0.037655,-0.029074,57.301832
SCL,NW,2026-01,31,744,-0.027495,0.039818,-0.109598,0.741935,1257.237903,0.000000,0,0.031588,-0.016889,51.794297
SCL,NW,2026-02,28,672,-0.035828,0.040869,-0.120125,0.892857,1215.703869,0.000000,0,0.031587,-0.022189,52.020514
SCL,NW,2026-03,31,743,-0.047970,0.049248,-0.160073,0.903226,1174.651064,0.000000,0,0.036828,-0.030618,64.133420
SCL,NW,2026-04,30,720,-0.048083,0.052916,-0.211708,0.833333,1033.937500,0.000000,0,0.035926,-0.026041,51.005501
SCL,NW,2026-05,31,744,-0.037135,0.042566,-0.094851,0.870968,949.694892,0.000000,0,0.032784,-0.023374,37.570293
SCL,NW,2026-06,30,720,-0.044432,0.046187,-0.093577,0.966667,978.809722,0.000000,0,0.036470,-0.030250,44.175895
SCL,NW,2026-07,31,744,-0.032817,0.037243,-0.089001,0.870968,982.401882,0.000000,0,0.034507,-0.024499,41.291369
SCL,NW,2026-08,31,744,-0.022905,0.029044,-0.068998,0.838710,995.740591,0.000000,0,0.027653,-0.013007,32.866421
SCL,NW,2026-09,7,168,-0.021231,0.031874,-0.059963,0.857143,921.297619,0.000000,0,0.025898,-0.016101,27.056049
SEC,FLA,2024-01,31,743,-0.079269,0.086713,-0.186131,0.967742,218.727151,0.000000,1,0.085909,-0.050658,24.166927
SEC,FLA,2024-02,27,640,-0.117105,0.147453,-0.649171,0.888889,196.206790,0.000000,2,0.122559,-0.052102,35.645783
SEC,FLA,2024-03,30,718,-0.099326,0.113535,-0.304167,0.866667,187.747222,0.000000,1,0.161945,0.002888,39.051944
SEC,FLA,2024-04,30,720,-0.113210,0.121054,-0.488029,0.933333,203.054167,0.000000,0,0.110347,-0.090212,26.986622
SEC,FLA,2024-05,31,744,-0.101312,0.111023,-0.360976,0.903226,259.022849,0.000000,0,0.115495,-0.090401,39.391644
SEC,FLA,2024-06,29,694,-0.096873,0.105291,-0.359532,0.896552,293.760057,0.000000,0,0.084751,-0.060953,32.640210
SEC,FLA,2024-07,31,743,-0.121758,0.132604,-0.500695,0.967742,298.741935,0.000000,0,0.085792,-0.059631,42.809745
SEC,FLA,2024-08,31,740,-0.149170,0.151706,-0.493810,0.935484,292.715054,0.000000,2,0.104736,-0.075178,45.948591
SEC,FLA,2024-09,30,719,-0.130371,0.151166,-0.594433,0.900000,254.333333,0.000000,0,0.078845,-0.049193,31.729669
SEC,FLA,2024-10,31,743,-0.123163,0.123163,-0.609337,1.000000,205.579301,0.000000,0,0.093629,-0.072781,28.825226
SEC,FLA,2024-11,29,695,-0.101323,0.123487,-0.614568,0.827586,192.462644,0.000000,0,0.067522,-0.003700,25.134688
SEC,FLA,2024-12,31,743,-0.077642,0.079499,-0.180077,0.935484,206.220430,0.000000,1,0.079905,-0.042045,20.145300
SEC,FLA,2025-01,30,713,-0.073130,0.076472,-0.376033,0.866667,307.048611,0.000000,4,0.071295,-0.009718,28.099078
SEC,FLA,2025-02,28,671,-0.084185,0.087423,-0.309237,0.964286,190.062500,0.000000,1,0.066505,-0.039164,16.463752
SEC,FLA,2025-03,29,695,-0.087078,0.095323,-0.483791,0.862069,180.442529,0.000000,1,0.059600,-0.034987,16.382435
SEC,FLA,2025-04,30,720,-0.054114,0.062264,-0.171512,0.900000,207.920833,0.000000,0,0.052473,0.003028,16.102234
SEC,FLA,2025-05,29,695,-0.107381,0.109523,-0.524655,0.931034,256.929035,0.000000,0,0.066342,-0.041096,28.994641
SEC,FLA,2025-06,26,623,-0.088117,0.093559,-0.288306,0.923077,279.451923,0.000000,1,0.068088,-0.047637,24.856280
SEC,FLA,2025-07,31,744,-0.083160,0.093392,-0.438017,0.870968,287.630376,0.000000,0,0.068558,0.004659,32.365437
SEC,FLA,2025-08,31,730,-0.121905,0.121905,-0.610577,1.000000,250.750993,0.000000,4,0.064232,-0.024729,37.056196
SEC,FLA,2025-09,30,716,-0.114605,0.117265,-0.646008,0.866667,245.600000,0.000000,1,0.058363,-0.022963,33.918177
SEC,FLA,2025-10,31,729,0.051405,0.226124,-0.633333,0.419355,59.838593,0.000000,4,0.288415,0.238707,58.424773
SEC,FLA,2025-11,29,689,-0.106564,0.146758,-0.665474,0.724138,125.086207,0.000000,2,0.074298,0.022804,28.638658
SEC,FLA,2025-12,31,741,-0.271710,0.271710,-0.536408,1.000000,235.943548,0.000000,1,0.230823,-0.221690,72.774234
SEC,FLA,2026-01,31,742,-0.249891,0.249891,-0.652510,1.000000,219.750000,0.000000,0,0.198198,-0.183809,70.738833
SEC,FLA,2026-02,28,670,-0.231903,0.233105,-0.573820,0.964286,283.035714,0.000000,1,0.198062,-0.186118,64.324585
SEC,FLA,2026-03,29,691,-0.271372,0.271372,-0.524074,1.000000,274.293103,0.000000,3,0.219577,-0.200962,72.528122
SEC,FLA,2026-04,30,711,-0.225087,0.225087,-0.627368,1.000000,213.288889,0.000000,5,0.127474,-0.079864,43.548589
SEC,FLA,2026-05,30,707,-0.139064,0.142016,-0.649266,0.966667,-596451.688104,0.000000,2,0.087305,-0.019879,33.451774
SEC,FLA,2026-06,30,715,-0.092932,0.095241,-0.299304,0.933333,12655.366667,0.000000,2,0.072772,-0.029449,30.471791
SEC,FLA,2026-07,29,694,-0.097859,0.102394,-0.660813,0.896552,304.512931,0.000000,1,0.069229,-0.016235,41.578214
SEC,FLA,2026-08,29,696,-0.134927,0.135631,-0.554502,0.965517,287.931034,0.000000,0,0.070010,-0.027352,36.238990
SEC,FLA,2026-09,7,166,0.000751,0.214906,-0.643048,0.285714,232.261905,0.000000,1,0.215592,0.176799,68.449172
SOCO,SE,2024-01,31,744,-0.005423,0.005527,-0.011940,0.935484,29354.244624,0.000000,0,0.014952,-0.014816,547.097528
SOCO,SE,2024-02,29,696,-0.003261,0.003800,-0.009884,0.862069,25327.214080,0.000000,0,0.014719,-0.014511,478.360903
SOCO,SE,2024-03,31,743,-0.004178,0.006952,-0.020821,0.806452,22772.991468,0.000000,0,0.016130,-0.014269,448.998431
SOCO,SE,2024-04,30,720,-0.008213,0.008482,-0.019048,0.933333,23317.455556,0.000000,0,0.021908,-0.014665,618.688975
SOCO,SE,2024-05,31,744,-0.007026,0.010179,-0.014393,0.967742,26839.060484,0.000000,0,0.020227,-0.017812,612.453138
SOCO,SE,2024-06,30,720,-0.009089,0.009089,-0.014321,1.000000,31415.855556,0.000000,0,0.019739,-0.019705,654.132704
SOCO,SE,2024-07,31,744,-0.000864,0.004670,-0.009683,0.645161,32345.553763,0.000000,0,0.015694,-0.012006,634.816891
SOCO,SE,2024-08,31,744,-0.006125,0.006318,-0.012682,0.935484,32848.473118,0.000000,0,0.020972,-0.020864,764.114210
SOCO,SE,2024-09,30,720,-0.009085,0.009085,-0.022159,1.000000,27445.416667,0.000000,0,0.022689,-0.022645,713.418433
SOCO,SE,2024-10,31,744,-0.006652,0.011244,-0.016980,0.935484,24166.375000,0.000000,0,0.021939,-0.019208,635.400419
SOCO,SE,2024-11,30,720,-0.006619,0.008955,-0.024547,0.933333,23934.611167,0.000000,0,0.018118,-0.016007,519.662289
SOCO,SE,2024-12,31,744,-0.010982,0.010982,-0.021775,1.000000,27042.381720,0.000000,0,0.020028,-0.020006,628.894297
SOCO,SE,2025-01,31,744,-0.009082,0.009082,-0.017712,1.000000,31673.978495,0.000000,0,0.010843,-0.010839,386.377150
SOCO,SE,2025-02,28,672,-0.071652,0.074607,-0.660483,0.928571,25811.133929,0.004464,0,0.022448,0.000652,3682.058041
SOCO,SE,2025-03,31,743,-0.010337,0.010337,-0.015246,1.000000,23465.519694,0.000000,0,0.011461,-0.011458,279.160325
SOCO,SE,2025-04,30,720,-0.000072,0.009221,-0.020687,0.500000,24432.206944,0.000000,0,0.009386,-0.002400,263.803889
SOCO,SE,2025-05,31,744,-0.004841,0.007899,-0.017299,0.741935,26118.729839,0.000000,0,0.010487,-0.008342,306.599981
SOCO,SE,2025-06,30,720,-0.010937,0.010937,-0.019367,1.000000,30570.925000,0.000000,0,0.010775,-0.010775,362.512747
SOCO,SE,2025-07,31,744,-0.010346,0.010346,-0.017465,1.000000,33940.955645,0.000000,0,0.009009,-0.008952,357.703337
SOCO,SE,2025-08,31,744,-0.012538,0.012538,-0.020067,1.000000,30009.079301,0.000000,0,0.010949,-0.010926,374.556350
SOCO,SE,2025-09,30,720,-0.009948,0.009948,-0.019084,1.000000,28469.044444,0.000000,0,0.009863,-0.009859,310.834147
SOCO,SE,2025-10,31,744,-0.008338,0.008338,-0.012395,1.000000,24183.684140,0.000000,0,0.008366,-0.008312,214.862040
SOCO,SE,2025-11,30,720,-0.012266,0.012266,-0.036057,1.000000,24430.965278,0.000000,0,0.011505,-0.011493,317.388613
SOCO,SE,2025-12,31,744,-0.023868,0.023868,-0.040296,1.000000,27510.116935,0.000000,0,0.024033,-0.023066,798.665207
SOCO,SE,2026-01,31,744,-0.009590,0.009590,-0.014579,1.000000,29449.731183,0.000000,0,0.009696,-0.009671,299.917511
SOCO,SE,2026-02,28,672,-0.009031,0.009309,-0.028827,0.964286,27313.793155,0.000000,0,0.008892,-0.008836,277.844298
SOCO,SE,2026-03,31,743,-0.011336,0.011336,-0.020610,1.000000,24294.604430,0.000000,0,0.011095,-0.011088,287.219941
SOCO,SE,2026-04,30,720,-0.010071,0.010394,-0.022379,0.966667,24724.798611,0.000000,0,0.011396,-0.010669,375.628311
SOCO,SE,2026-05,31,744,-0.011344,0.011344,-0.018698,1.000000,26352.767473,0.000000,0,0.010506,-0.010449,312.025838
SOCO,SE,2026-06,30,720,-0.011211,0.011211,-0.019940,1.000000,30916.312500,0.000000,0,0.010665,-0.010665,378.690747
SOCO,SE,2026-07,31,744,-0.017470,0.017470,-0.026841,1.000000,34049.036290,0.000000,0,0.017641,-0.017641,626.847220
SOCO,SE,2026-08,31,744,-0.015846,0.015846,-0.023967,1.000000,33968.981183,0.000000,0,0.016292,-0.016292,578.535755
SOCO,SE,2026-09,7,168,-0.109203,0.204893,-0.558505,0.285714,33382.077381,0.011905,0,0.057905,0.044818,6236.065876
SPA,CENT,2024-01,19,427,0.527255,0.527255,0.150943,0.000000,27.432018,0.000000,29,1.051702,1.051702,28.642470
SPA,CENT,2024-02,22,492,0.338059,0.345851,-0.085714,0.045455,23.981061,0.000000,36,0.946877,0.946529,22.659821
SPA,CENT,2024-03,22,496,0.331627,0.357707,-0.179487,0.136364,23.920455,0.000000,32,0.894540,0.893384,21.842130
SPA,CENT,2024-04,18,407,0.199099,0.239896,-0.250000,0.222222,25.581019,0.000000,25,0.780433,0.776031,20.055023
SPA,CENT,2024-05,18,396,0.423587,0.434983,-0.102564,0.055556,24.041667,0.000000,36,0.953759,0.951946,23.777377
SPA,CENT,2024-06,25,549,0.399168,0.405168,-0.050000,0.080000,27.015000,0.000000,51,0.958718,0.957563,27.796948
SPA,CENT,2024-07,15,327,0.716298,0.737919,-0.162162,0.066667,24.969444,0.000000,33,1.069690,1.067979,28.989453
SPA,CENT,2024-08,10,219,0.399323,0.441576,-0.211268,0.100000,21.483333,0.000000,20,1.074489,1.072560,23.688427
SPA,CENT,2024-09,6,126,0.495290,0.495290,0.054054,0.000000,19.465278,0.000000,18,1.021278,1.021278,21.059628
SPA,CENT,2024-10,9,191,0.478330,0.478330,0.000000,0.000000,19.759259,0.000000,25,1.063106,1.063106,22.156039
SPA,CENT,2024-11,23,500,0.271379,0.357533,-0.595238,0.130435,22.343188,0.000000,50,0.962222,0.957795,22.249809
SPA,CENT,2024-12,11,251,0.298023,0.298023,0.029412,0.000000,21.696970,0.000000,13,0.953291,0.953291,20.282860
SPA,CENT,2025-01,2,43,0.487455,0.487455,0.419355,0.000000,21.770833,0.000000,5,1.056272,1.056272,23.148158
SPA,CENT,2025-02,11,237,0.486257,0.486257,0.068966,0.000000,23.056818,0.000000,27,1.069876,1.069627,25.670420
SPA,CENT,2025-03,20,442,0.393121,0.393121,0.000000,0.000000,21.781793,0.000000,37,1.011058,1.011058,22.274054
SPA,CENT,2025-04,11,241,0.295846,0.314495,-0.102564,0.090909,22.352273,0.000000,22,0.909505,0.908386,20.984780
SPA,CENT,2025-05,22,485,0.500850,0.507668,-0.075000,0.045455,21.092803,0.000000,43,1.033216,1.032907,22.280267
SPA,CENT,2025-06,23,524,0.125037,0.445892,-0.619048,0.434783,25.103261,0.000000,28,0.670499,0.561148,19.094032
SPA,CENT,2025-07,13,311,-0.281420,0.281420,-0.513514,1.000000,26.528846,0.000000,0,0.247814,0.077081,7.571949
SPA,CENT,2025-08,18,425,-0.174030,0.197166,-0.540541,0.722222,22.037037,0.000000,7,0.285322,0.167155,6.984184
SPA,CENT,2025-09,29,684,-0.128147,0.223920,-0.551724,0.689655,18.952586,0.000000,11,0.414924,0.315667,8.071229
SPA,CENT,2025-10,16,367,-0.305313,0.340614,-0.529412,0.875000,18.382812,0.000000,17,0.442510,0.287679,8.300881
SPA,CENT,2025-11,9,189,-0.273242,0.293444,-0.500000,0.888889,18.995370,0.000000,6,0.402073,0.257372,7.707277
SPA,CENT,2025-12,19,441,-0.257255,0.267442,-0.483871,0.947368,22.765351,0.000000,6,0.291428,0.128230,7.060798
SPA,CENT,2026-01,19,416,-0.326343,0.329738,-0.666667,0.947368,25.232456,0.000000,15,0.306853,-0.005899,8.779894
SPA,CENT,2026-02,13,270,-0.411536,0.426921,-0.651163,0.923077,27.423077,0.000000,10,0.285518,-0.052090,9.453590
SPA,CENT,2026-03,2,42,-0.305556,0.305556,-0.611111,0.500000,24.312500,0.000000,2,0.333093,-0.084340,9.848858
SPA,CENT,2026-04,1,20,0.000000,0.000000,0.000000,0.000000,17.333333,0.000000,1,0.516797,0.405762,8.411302
SPA,CENT,2026-05,2,41,-0.165152,0.165152,-0.300000,1.000000,24.458333,0.000000,2,0.264757,0.085161,7.298513
SPA,CENT,2026-08,17,348,-0.131006,0.153065,-0.366667,0.823529,26.397059,0.000000,3,0.285816,0.158401,7.913324
SPA,CENT,2026-09,6,121,-0.098700,0.122509,-0.254545,0.666667,26.652778,0.000000,1,0.302033,0.230750,8.718746
SRP,SW,2024-01,31,744,-0.008717,0.024790,-0.101446,0.612903,3301.228495,0.000000,0,0.028142,-0.017037,130.486249
SRP,SW,2024-02,29,696,-0.023918,0.030880,-0.121741,0.724138,3075.028736,0.000000,0,0.028308,-0.019037,127.434229
SRP,SW,2024-03,27,648,-0.029606,0.034636,-0.087220,0.814815,2929.859568,0.000000,0,0.028776,-0.024111,112.581945
SRP,SW,2024-04,30,720,-0.022036,0.032638,-0.104736,0.766667,3241.998611,0.000000,0,0.028042,-0.015695,115.932889
SRP,SW,2024-05,31,744,-0.012606,0.025865,-0.055348,0.645161,3902.986559,0.000000,0,0.025103,-0.016742,133.550668
SRP,SW,2024-06,30,720,-0.030999,0.037769,-0.082134,0.933333,5314.493056,0.000000,0,0.032050,-0.020494,228.121011
SRP,SW,2024-07,31,744,-0.024887,0.027663,-0.061419,0.935484,6023.043011,0.000000,0,0.028136,-0.011343,226.191745
SRP,SW,2024-08,31,744,-0.023736,0.044501,-0.082642,0.838710,5656.165323,0.000000,0,0.037877,-0.012859,294.510057
SRP,SW,2024-09,30,720,-0.046790,0.047785,-0.084748,0.933333,4999.922222,0.000000,0,0.037677,-0.033381,254.285808
SRP,SW,2024-10,31,744,-0.025091,0.031882,-0.134301,0.806452,4037.333333,0.000000,0,0.033608,-0.012888,164.883321
SRP,SW,2024-11,30,720,-0.029592,0.034474,-0.080463,0.800000,3050.373611,0.000000,0,0.035789,-0.026886,138.848394
SRP,SW,2024-12,31,744,-0.033112,0.036294,-0.115500,0.838710,3172.412634,0.000000,0,0.032000,-0.024101,133.488200
SRP,SW,2025-01,31,743,-0.033587,0.037281,-0.139225,0.935484,3446.553588,0.000000,0,0.034903,-0.028399,151.126230
SRP,SW,2025-02,28,672,-0.062934,0.062934,-0.119645,1.000000,3177.421131,0.000000,0,0.049355,-0.038475,193.251232
SRP,SW,2025-03,31,744,-0.065544,0.066016,-0.131923,0.967742,3172.665323,0.000000,0,0.048090,-0.035626,195.958140
SRP,SW,2025-04,30,720,-0.048558,0.052177,-0.114933,0.900000,3430.004167,0.000000,0,0.042945,-0.031335,186.337325
SRP,SW,2025-05,31,744,-0.020731,0.028924,-0.072016,0.709677,4079.400538,0.000000,0,0.031788,-0.022306,162.933285
SRP,SW,2025-06,30,720,-0.039055,0.050045,-0.076041,0.933333,5185.040278,0.000000,0,0.037802,-0.026223,264.117335
SRP,SW,2025-07,31,741,-0.024442,0.044395,-0.068390,0.870968,5706.693957,0.000000,1,0.037065,-0.021217,275.054798
SRP,SW,2025-08,31,744,-0.011765,0.032740,-0.083333,0.645161,5967.349462,0.000000,0,0.035948,-0.014622,283.972012
SRP,SW,2025-09,30,720,-0.024773,0.038704,-0.083062,0.800000,5046.291667,0.000000,0,0.039499,-0.013043,270.764786
SRP,SW,2025-10,31,744,-0.032142,0.040125,-0.150363,0.806452,3878.491935,0.000000,0,0.041530,-0.026821,214.161575
SRP,SW,2025-11,30,720,-0.035295,0.038295,-0.156095,0.933333,3427.648611,0.000000,0,0.037062,-0.033461,165.779518
SRP,SW,2025-12,31,744,-0.023258,0.036370,-0.102288,0.838710,3287.142473,0.000000,0,0.033956,-0.001994,138.925770
SRP,SW,2026-01,31,744,-0.020482,0.036659,-0.061710,0.806452,3382.276882,0.000000,0,0.041965,-0.004170,171.441701
SRP,SW,2026-02,28,672,-0.034143,0.040268,-0.083537,0.857143,3438.427083,0.000000,0,0.036372,-0.033524,157.567422
SRP,SW,2026-03,31,744,-0.013537,0.052511,-0.137423,0.580645,3706.853495,0.000000,0,0.075552,0.039645,336.485091
SRP,SW,2026-04,30,720,0.120675,0.140368,-0.077401,0.166667,3328.045833,0.000000,0,0.204841,0.187060,696.088218
SRP,SW,2026-05,31,744,0.185862,0.188985,-0.036578,0.096774,3579.763441,0.000000,0,0.297710,0.292087,1021.900614
SRP,SW,2026-06,30,720,0.021281,0.038392,-0.063352,0.366667,5283.015278,0.000000,0,0.084622,0.068691,514.541086
SRP,SW,2026-07,31,744,0.029620,0.043595,-0.054968,0.322581,5793.548387,0.000000,0,0.076795,0.067996,532.983641
SRP,SW,2026-08,31,744,0.044963,0.061277,-0.087756,0.322581,5847.961022,0.000000,0,0.105618,0.093426,739.427038
SRP,SW,2026-09,7,168,0.009996,0.032247,-0.033580,0.571429,5361.023810,0.000000,0,0.068396,0.049077,460.921534
SWPP,CENT,2024-01,31,744,-0.023353,0.032973,-0.171021,0.774194,35361.426075,0.000000,0,0.038153,-0.008221,2189.836586
SWPP,CENT,2024-02,29,696,-0.027480,0.031175,-0.106228,0.862069,30398.941092,0.000000,0,0.029340,-0.011555,1279.534447
SWPP,CENT,2024-03,31,743,-0.030684,0.043307,-0.131098,0.709677,28803.743806,0.000000,0,0.049611,0.003628,1987.373052
SWPP,CENT,2024-04,30,720,-0.008564,0.019722,-0.048031,0.566667,28793.509722,0.000000,0,0.016140,-0.000727,635.524884
SWPP,CENT,2024-05,31,744,-0.017826,0.024685,-0.079574,0.741935,30671.118280,0.000000,0,0.018130,-0.009426,825.941849
SWPP,CENT,2024-06,30,720,-0.006266,0.024961,-0.046075,0.666667,36981.045833,0.000000,0,0.020123,-0.003829,929.129183
SWPP,CENT,2024-07,31,743,-0.010734,0.025880,-0.063533,0.645161,39088.058555,0.000000,0,0.023165,-0.010672,1249.404940
SWPP,CENT,2024-08,31,744,-0.002442,0.018743,-0.044261,0.677419,39555.862903,0.000000,0,0.014511,0.000705,785.014710
SWPP,CENT,2024-09,30,720,-0.021511,0.028977,-0.065311,0.800000,33946.645833,0.000000,0,0.019817,-0.010066,920.384388
SWPP,CENT,2024-10,31,744,-0.011690,0.016068,-0.056332,0.677419,30444.772849,0.000000,0,0.014889,-0.008893,720.493003
SWPP,CENT,2024-11,30,721,-0.018565,0.021353,-0.062150,0.866667,29591.905667,0.000000,0,0.015217,-0.006814,606.414117
SWPP,CENT,2024-12,31,744,-0.016255,0.021687,-0.046308,0.806452,32343.412634,0.000000,0,0.019307,-0.007144,786.297453
SWPP,CENT,2025-01,31,744,-0.021235,0.023488,-0.067972,0.870968,36382.268817,0.000000,0,0.019823,-0.011762,986.793231
SWPP,CENT,2025-02,28,672,-0.023355,0.030798,-0.142753,0.714286,35324.233631,0.000000,0,0.027501,-0.011502,1295.091561
SWPP,CENT,2025-03,31,743,-0.009312,0.017844,-0.038356,0.709677,29852.169764,0.000000,0,0.020930,0.003455,1001.891379
SWPP,CENT,2025-04,30,720,-0.020567,0.028863,-0.149666,0.633333,29821.818056,0.000000,0,0.019175,-0.007767,908.340008
SWPP,CENT,2025-05,31,744,0.060927,0.089469,-0.098098,0.258065,30776.408602,0.000000,0,0.094652,0.081866,3324.353206
SWPP,CENT,2025-06,30,719,0.077945,0.087334,-0.069626,0.100000,36097.518056,0.000000,1,0.105523,0.098252,4388.858993
SWPP,CENT,2025-07,30,720,0.075445,0.085500,-0.150818,0.033333,40847.422222,0.000000,0,0.101204,0.095037,4357.389522
SWPP,CENT,2025-08,31,744,0.068985,0.076657,-0.046674,0.193548,39189.080645,0.000000,0,0.086727,0.080349,3796.007386
SWPP,CENT,2025-09,30,720,0.078554,0.079524,-0.006649,0.100000,34283.600000,0.000000,0,0.095336,0.094562,3466.817702
SWPP,CENT,2025-10,31,744,0.080369,0.106759,-0.164942,0.161290,31736.974462,0.000000,0,0.112530,0.099909,3742.595725
SWPP,CENT,2025-11,30,721,0.097185,0.101435,-0.041791,0.100000,30957.433500,0.000000,0,0.110560,0.108323,3734.511372
SWPP,CENT,2025-12,31,744,0.111188,0.129219,-0.107142,0.129032,34926.110215,0.000000,0,0.127426,0.119887,4802.355767
SWPP,CENT,2026-01,29,696,0.138799,0.141196,-0.017549,0.068966,35339.212644,0.000000,0,0.162969,0.161177,6426.332072
SWPP,CENT,2026-02,28,672,0.115720,0.119474,-0.052559,0.035714,32637.193452,0.000000,0,0.126533,0.125188,4402.719792
SWPP,CENT,2026-03,31,743,0.052864,0.077322,-0.134737,0.322581,32210.162634,0.000000,0,0.098235,0.089662,3622.750645
SWPP,CENT,2026-04,29,696,0.103074,0.112710,-0.070340,0.103448,31213.954023,0.000000,0,0.118201,0.108798,4062.445827
SWPP,CENT,2026-05,31,744,0.091920,0.092859,-0.014068,0.064516,32684.962366,0.000000,0,0.104060,0.102474,3650.780829
SWPP,CENT,2026-06,29,696,0.046777,0.060832,-0.053785,0.241379,37738.173851,0.000000,0,0.073703,0.061050,3692.237626
SWPP,CENT,2026-07,30,720,0.078685,0.080852,-0.029257,0.066667,43312.195833,0.000000,0,0.087641,0.084894,4316.474571
SWPP,CENT,2026-08,15,360,0.066753,0.066975,-0.001663,0.066667,42049.863889,0.000000,0,0.081554,0.081504,3839.315100
SWPP,CENT,2026-09,7,168,0.057097,0.058644,-0.005414,0.142857,45177.416667,0.000000,0,0.067633,0.066788,3464.797370
SWPW,NW,2026-04,14,336,-0.073008,0.081868,-0.162114,0.857143,2751.636905,0.000000,0,0.066084,-0.029825,226.968472
SWPW,NW,2026-05,31,744,-0.007623,0.028381,-0.063979,0.580645,2704.000000,0.000000,0,0.070947,0.025787,239.474764
SWPW,NW,2026-06,29,696,-0.012029,0.028197,-0.074476,0.620690,3092.679598,0.000000,0,0.049608,0.011665,218.233382
SWPW,NW,2026-07,30,720,-0.019231,0.031589,-0.116788,0.733333,3677.541667,0.000000,0,0.033538,-0.001733,190.513250
SWPW,NW,2026-08,15,360,0.136542,0.137679,-0.008528,0.066667,3457.738889,0.000000,0,0.153794,0.151068,635.905693
SWPW,NW,2026-09,7,168,0.106134,0.124649,-0.049821,0.285714,3328.958333,0.000000,0,0.155662,0.151280,590.597720
TAL,FLA,2024-01,31,744,-0.022181,0.035212,-0.113527,0.677419,318.228495,0.000000,0,0.033190,-0.017342,14.462038
TAL,FLA,2024-02,29,696,-0.046677,0.046903,-0.100719,0.931034,283.553161,0.000000,0,0.028783,-0.025638,11.361105
TAL,FLA,2024-03,31,743,-0.042404,0.053291,-0.130990,0.870968,263.127863,0.000000,0,0.033062,-0.024870,11.683408
TAL,FLA,2024-04,30,720,-0.054199,0.062852,-0.182561,0.866667,284.312500,0.000000,0,0.045214,-0.028533,18.222392
TAL,FLA,2024-05,30,720,-0.017527,0.096446,-0.327456,0.733333,329.300000,0.000000,0,0.086432,0.011919,38.077735
TAL,FLA,2024-06,30,720,-0.004885,0.034083,-0.079523,0.633333,387.770833,0.000000,0,0.042131,0.003671,24.332848
TAL,FLA,2024-07,31,744,-0.049761,0.057839,-0.212632,0.838710,390.540323,0.000000,0,0.052395,0.000807,30.438772
TAL,FLA,2024-08,31,744,-0.027410,0.042861,-0.115880,0.774194,405.125000,0.000000,0,0.037380,-0.012680,21.149748
TAL,FLA,2024-09,30,720,-0.023512,0.051962,-0.136929,0.666667,356.959722,0.000000,0,0.042867,-0.006014,21.302941
TAL,FLA,2024-10,31,744,-0.051790,0.057970,-0.196388,0.903226,302.260753,0.000000,0,0.041225,-0.026458,19.099379
TAL,FLA,2024-11,30,721,-0.036236,0.047715,-0.154839,0.833333,291.277444,0.000000,0,0.040145,-0.009936,16.772691
TAL,FLA,2024-12,31,744,-0.026987,0.042142,-0.136364,0.774194,290.370968,0.000000,0,0.026527,-0.009784,11.123935
TAL,FLA,2025-01,31,744,-0.056710,0.065414,-0.179104,0.806452,360.150538,0.000000,0,0.043578,-0.024013,21.708355
TAL,FLA,2025-02,28,672,-0.046123,0.059612,-0.157746,0.857143,285.126488,0.000000,0,0.045695,-0.034894,18.608354
TAL,FLA,2025-03,31,742,-0.050289,0.058170,-0.165109,0.838710,265.174965,0.000000,0,0.043165,-0.029389,15.739199
TAL,FLA,2025-04,30,720,-0.042993,0.044790,-0.122768,0.833333,303.319444,0.000000,0,0.037909,-0.030267,16.696889
TAL,FLA,2025-05,31,744,-0.035257,0.071651,-0.147638,0.645161,337.788978,0.000000,0,0.045354,-0.012009,23.637495
TAL,FLA,2025-06,30,720,-0.043706,0.070337,-0.218631,0.700000,368.372222,0.000000,0,0.049443,-0.009559,30.439284
TAL,FLA,2025-07,31,744,-0.055056,0.072371,-0.205556,0.838710,410.159946,0.000000,0,0.046700,-0.007876,29.277478
TAL,FLA,2025-08,31,744,-0.064217,0.068986,-0.212996,0.935484,386.431452,0.000000,0,0.044817,-0.018514,27.299218
TAL,FLA,2025-09,30,720,-0.010317,0.035698,-0.078891,0.700000,364.879167,0.000000,0,0.030820,-0.001856,16.861157
TAL,FLA,2025-10,31,744,-0.049336,0.053783,-0.150442,0.903226,305.787634,0.000000,0,0.038093,-0.026524,16.391587
TAL,FLA,2025-11,30,721,-0.042803,0.057312,-0.124444,0.900000,278.918833,0.000000,0,0.041528,-0.021371,16.336102
TAL,FLA,2025-12,31,744,-0.037352,0.057953,-0.132075,0.774194,286.413978,0.000000,0,0.032206,-0.013766,13.836847
TAL,FLA,2026-01,31,744,-0.049906,0.070310,-0.194396,0.709677,325.142473,0.000000,0,0.044192,-0.014775,23.066611
TAL,FLA,2026-02,28,672,-0.054030,0.063515,-0.192000,0.892857,309.312500,0.000000,0,0.045565,-0.028017,20.349623
TAL,FLA,2026-03,31,742,-0.055143,0.073680,-0.145631,0.806452,281.107527,0.000000,0,0.048669,-0.031399,19.433521
TAL,FLA,2026-04,30,720,-0.063978,0.071625,-0.223881,0.866667,300.515278,0.000000,0,0.048661,-0.036607,21.208030
TAL,FLA,2026-05,31,744,-0.050952,0.061288,-0.150097,0.806452,326.334677,0.000000,0,0.044922,-0.018627,22.897446
TAL,FLA,2026-06,30,720,-0.018077,0.043304,-0.185910,0.566667,381.030556,0.000000,0,0.046245,0.007317,27.210445
TAL,FLA,2026-07,31,744,0.003855,0.036250,-0.069038,0.451613,396.693548,0.000000,0,0.048340,0.036564,27.886001
TAL,FLA,2026-08,31,744,-0.030597,0.040794,-0.125475,0.677419,411.934140,0.000000,0,0.036781,0.000270,22.965700
TAL,FLA,2026-09,7,168,-0.042171,0.046291,-0.129032,0.714286,417.172619,0.000000,0,0.034037,-0.009745,21.189339
TEC,FLA,2024-01,31,744,-0.000394,0.026457,-0.073828,0.516129,2115.520161,0.000000,0,0.037904,0.003377,108.187443
TEC,FLA,2024-02,29,696,-0.016588,0.024915,-0.075613,0.862069,2023.821839,0.000000,0,0.030918,-0.009435,80.970674
TEC,FLA,2024-03,31,743,-0.002437,0.032575,-0.094501,0.516129,2172.236325,0.000000,0,0.036583,0.005659,108.670752
TEC,FLA,2024-04,30,720,0.016540,0.033072,-0.054865,0.433333,2267.601389,0.000000,0,0.036464,0.017377,108.523122
TEC,FLA,2024-05,31,744,0.012737,0.046379,-0.099407,0.419355,2944.701613,0.000000,0,0.052810,0.020629,199.419585
TEC,FLA,2024-06,30,720,-0.022775,0.054228,-0.200898,0.633333,3042.618056,0.000000,0,0.052309,0.012002,217.753039
TEC,FLA,2024-07,31,744,-0.021667,0.035622,-0.104924,0.612903,3078.022849,0.000000,0,0.038819,0.008233,164.369613
TEC,FLA,2024-08,31,744,-0.004802,0.036726,-0.110860,0.548387,3126.509409,0.000000,0,0.047873,0.015007,195.795658
TEC,FLA,2024-09,30,720,-0.009364,0.045798,-0.095561,0.700000,2999.984722,0.000000,0,0.049514,0.019164,202.959232
TEC,FLA,2024-10,30,719,-0.013341,0.094901,-0.214536,0.533333,2332.772222,0.000000,1,0.103067,0.015281,285.365929
TEC,FLA,2024-11,30,720,0.000548,0.035849,-0.086343,0.500000,2322.636333,0.000000,0,0.044221,0.009363,128.157136
TEC,FLA,2024-12,31,744,-0.015541,0.042262,-0.101210,0.580645,2129.509409,0.000000,0,0.045048,-0.003164,119.578825
TEC,FLA,2025-01,31,744,-0.016438,0.040409,-0.142475,0.645161,2334.459677,0.000000,0,0.050427,-0.001135,174.131578
TEC,FLA,2025-02,28,672,-0.007277,0.022708,-0.075111,0.642857,2129.153274,0.000000,0,0.033638,0.001233,90.469197
TEC,FLA,2025-03,31,743,-0.016762,0.032604,-0.087634,0.580645,2095.568490,0.000000,0,0.035059,0.004701,97.211768
TEC,FLA,2025-04,30,720,0.020064,0.037516,-0.084309,0.300000,2483.387500,0.000000,0,0.038542,0.014514,133.082676
TEC,FLA,2025-05,31,744,0.012194,0.037558,-0.078796,0.451613,2881.076613,0.000000,0,0.044911,0.018506,175.887003
TEC,FLA,2025-06,30,720,0.029558,0.044644,-0.086823,0.233333,2936.805556,0.000000,0,0.060493,0.047176,233.025288
TEC,FLA,2025-07,31,744,-0.000515,0.029614,-0.075669,0.548387,3118.220430,0.000000,0,0.047590,0.025503,185.085399
TEC,FLA,2025-08,31,744,0.033655,0.053731,-0.076381,0.290323,3106.345430,0.000000,0,0.061802,0.047875,271.646864
TEC,FLA,2025-09,30,720,0.002886,0.034920,-0.097263,0.433333,2897.513889,0.000000,0,0.039820,0.017632,149.569577
TEC,FLA,2025-10,31,744,0.024964,0.037927,-0.086545,0.225806,2482.584677,0.000000,0,0.043634,0.030245,137.634172
TEC,FLA,2025-11,30,719,0.002774,0.036636,-0.098214,0.400000,2090.885386,0.000000,0,0.040323,0.012201,113.979093
TEC,FLA,2025-12,31,744,0.000087,0.047555,-0.125297,0.548387,2058.012097,0.000000,0,0.046468,0.008609,127.122200
TEC,FLA,2026-01,31,744,-0.001847,0.036463,-0.104373,0.483871,2227.783602,0.000000,0,0.042891,0.006257,147.881746
TEC,FLA,2026-02,28,672,-0.018068,0.030627,-0.114050,0.678571,2292.562500,0.000000,0,0.041168,0.002682,129.951307
TEC,FLA,2026-03,31,743,-0.010559,0.033779,-0.096222,0.612903,2240.047160,0.000000,0,0.034124,0.004257,99.220047
TEC,FLA,2026-04,30,720,-0.000817,0.025160,-0.051607,0.533333,2364.354167,0.000000,0,0.033861,0.001053,102.568229
TEC,FLA,2026-05,31,744,-0.015326,0.021419,-0.068938,0.806452,2856.344086,0.000000,0,0.032089,0.001642,117.536897
TEC,FLA,2026-06,30,720,-0.003626,0.029926,-0.085536,0.600000,3103.069444,0.000000,0,0.038518,0.009126,166.269610
TEC,FLA,2026-07,31,744,-0.015618,0.048074,-0.128029,0.741935,3116.262097,0.000000,0,0.049902,0.014511,226.520386
TEC,FLA,2026-08,31,744,-0.032117,0.042883,-0.168821,0.806452,3068.537634,0.000000,0,0.043555,0.011911,190.542484
TEC,FLA,2026-09,7,168,-0.062600,0.062600,-0.088039,1.000000,3068.059524,0.000000,0,0.040325,-0.013142,170.556721
TEPC,SW,2024-01,31,743,-0.007425,0.014843,-0.074785,0.677419,1537.013441,0.000000,0,0.025717,0.001088,58.651766
TEPC,SW,2024-02,29,696,-0.006053,0.016205,-0.056749,0.655172,1410.798851,0.000000,0,0.035374,0.015653,91.567363
TEPC,SW,2024-03,29,696,-0.008219,0.019663,-0.060182,0.655172,1321.867816,0.000000,0,0.031629,0.002774,56.724176
TEPC,SW,2024-04,30,720,0.014451,0.048269,-0.074671,0.466667,1298.018056,0.000000,0,0.040315,0.018754,72.806803
TEPC,SW,2024-05,31,743,-0.009861,0.043601,-0.064189,0.838710,1508.052419,0.000000,1,0.052441,0.017237,121.293128
TEPC,SW,2024-06,30,720,-0.031779,0.038222,-0.148373,0.766667,2055.627778,0.000000,0,0.031319,0.007301,98.896340
TEPC,SW,2024-07,31,744,-0.041415,0.042129,-0.081620,0.935484,2225.987903,0.000000,0,0.030576,0.008589,98.914029
TEPC,SW,2024-08,31,744,-0.037978,0.041329,-0.085399,0.903226,2091.516129,0.000000,0,0.027298,0.001968,88.281122
TEPC,SW,2024-09,30,720,-0.046209,0.046209,-0.108941,1.000000,1937.468056,0.000000,0,0.023377,-0.015360,72.339535
TEPC,SW,2024-10,31,744,-0.008756,0.017093,-0.035765,0.709677,1653.479839,0.000000,0,0.017592,0.000030,38.502793
TEPC,SW,2024-11,30,720,-0.002947,0.019019,-0.042848,0.466667,1339.148611,0.000000,0,0.024293,0.000716,41.385501
TEPC,SW,2024-12,31,744,-0.014364,0.017052,-0.043805,0.806452,1403.290323,0.000000,0,0.019527,-0.010112,40.441498
TEPC,SW,2025-01,31,744,-0.011746,0.019299,-0.089197,0.709677,1502.447581,0.000000,0,0.023829,-0.004155,55.476516
TEPC,SW,2025-02,28,672,0.004097,0.017419,-0.034329,0.428571,1336.705357,0.000000,0,0.020510,0.006740,34.647438
TEPC,SW,2025-03,31,744,-0.019180,0.028455,-0.096444,0.741935,1304.536290,0.000000,0,0.035729,0.001355,60.827714
TEPC,SW,2025-04,30,720,-0.006572,0.023768,-0.084055,0.466667,1352.368056,0.000000,0,0.029215,0.006792,53.594400
TEPC,SW,2025-05,31,744,-0.009740,0.019247,-0.053424,0.741935,1557.280914,0.000000,0,0.020932,-0.005771,44.954966
TEPC,SW,2025-06,30,720,-0.014104,0.016778,-0.059436,0.766667,2011.661111,0.000000,0,0.020658,-0.001560,56.553797
TEPC,SW,2025-07,31,744,-0.027349,0.033628,-0.108977,0.870968,2152.490591,0.000000,0,0.024879,-0.000999,83.053034
TEPC,SW,2025-08,31,744,-0.020549,0.022913,-0.055684,0.870968,2264.825269,0.000000,0,0.023580,-0.001885,72.723903
TEPC,SW,2025-09,30,720,-0.029228,0.036140,-0.095869,0.833333,1923.388889,0.000000,0,0.022779,-0.003167,62.040545
TEPC,SW,2025-10,31,744,-0.000452,0.026172,-0.048523,0.548387,1540.344086,0.000000,0,0.024919,0.006703,53.680494
TEPC,SW,2025-11,30,720,-0.001057,0.027543,-0.074643,0.500000,1424.170833,0.000000,0,0.025918,0.003933,52.201479
TEPC,SW,2025-12,31,744,-0.007798,0.019928,-0.062048,0.580645,1433.282258,0.000000,0,0.027816,0.005621,52.248154
TEPC,SW,2026-01,29,696,-0.004652,0.014244,-0.032386,0.586207,1463.606322,0.000000,0,0.023266,0.009654,45.050738
TEPC,SW,2026-02,28,672,-0.010519,0.017820,-0.066329,0.785714,1398.599702,0.000000,0,0.022459,0.003183,40.650898
TEPC,SW,2026-03,31,744,-0.035776,0.036558,-0.158853,0.935484,1492.206989,0.000000,0,0.029732,-0.003660,62.002699
TEPC,SW,2026-04,30,720,0.002995,0.032842,-0.098972,0.433333,1432.919444,0.000000,0,0.035644,0.007092,66.544826
TEPC,SW,2026-05,31,744,-0.016277,0.027971,-0.098717,0.645161,1624.521505,0.000000,0,0.026628,-0.011385,57.705500
TEPC,SW,2026-06,30,720,-0.000031,0.022841,-0.054487,0.566667,2113.734722,0.000000,0,0.025696,0.006310,87.040891
TEPC,SW,2026-07,31,744,-0.017147,0.039732,-0.067978,0.741935,2251.263441,0.000000,0,0.029891,0.002109,93.065447
TEPC,SW,2026-08,31,744,-0.016475,0.033021,-0.115361,0.645161,2308.729839,0.000000,0,0.039410,0.012595,129.752219
TEPC,SW,2026-09,7,168,-0.029105,0.036738,-0.094854,0.714286,2017.946429,0.000000,0,0.043714,-0.004694,122.431249
TIDC,CAL,2024-01,31,744,-0.019429,0.024341,-0.091954,0.709677,283.423387,0.000000,0,0.027526,-0.012288,10.441658
TIDC,CAL,2024-02,29,696,-0.014902,0.019667,-0.060498,0.655172,273.122126,0.000000,0,0.025054,-0.005094,9.434895
TIDC,CAL,2024-03,31,742,-0.017219,0.022985,-0.050336,0.806452,264.655388,0.000000,0,0.022636,-0.005175,7.930714
TIDC,CAL,2024-04,29,696,-0.029856,0.037184,-0.130751,0.758621,275.537356,0.000000,0,0.035901,-0.011367,13.591220
TIDC,CAL,2024-05,31,744,-0.015864,0.039833,-0.133574,0.580645,318.875000,0.000000,0,0.032487,-0.009208,14.536106
TIDC,CAL,2024-06,30,720,0.004640,0.034187,-0.072790,0.533333,405.741667,0.000000,0,0.039524,-0.006533,20.440734
TIDC,CAL,2024-07,31,744,0.012820,0.036862,-0.101382,0.387097,477.329301,0.000000,0,0.038511,0.007715,22.849790
TIDC,CAL,2024-08,31,744,0.023126,0.035613,-0.060086,0.387097,422.572581,0.000000,0,0.036524,0.027054,21.363627
TIDC,CAL,2024-09,30,720,0.007979,0.038221,-0.106061,0.366667,391.293056,0.000000,0,0.035978,0.011496,19.663100
TIDC,CAL,2024-10,31,744,0.015792,0.034866,-0.077419,0.354839,345.303763,0.000000,0,0.026468,0.012663,12.955102
TIDC,CAL,2024-11,30,721,-0.007092,0.025659,-0.141141,0.466667,277.578833,0.000000,0,0.024216,-0.000008,9.948899
TIDC,CAL,2024-12,31,744,-0.007567,0.024163,-0.059880,0.645161,282.745968,0.000000,0,0.033260,0.000192,13.135051
TIDC,CAL,2025-01,31,744,-0.049801,0.049801,-0.094225,1.000000,283.598118,0.000000,0,0.040017,-0.034530,13.610559
TIDC,CAL,2025-02,28,672,-0.017251,0.031347,-0.103858,0.535714,271.233631,0.000000,0,0.031909,-0.001521,11.377910
TIDC,CAL,2025-03,31,742,-0.006519,0.019230,-0.061162,0.709677,263.777349,0.000000,0,0.029512,0.006283,10.589562
TIDC,CAL,2025-04,30,720,-0.008423,0.022097,-0.051447,0.700000,275.768056,0.000000,0,0.027112,-0.001118,9.549724
TIDC,CAL,2025-05,31,744,-0.008274,0.025180,-0.128898,0.580645,323.720430,0.000000,0,0.030265,-0.000039,13.265993
TIDC,CAL,2025-06,30,720,-0.004387,0.032944,-0.093625,0.433333,381.150000,0.000000,0,0.034715,0.005688,18.027371
TIDC,CAL,2025-07,31,744,-0.004745,0.029240,-0.080756,0.612903,403.919355,0.000000,0,0.030368,0.011111,16.402285
TIDC,CAL,2025-08,31,744,-0.006688,0.021640,-0.057143,0.548387,421.743280,0.000000,0,0.027019,0.008330,14.749658
TIDC,CAL,2025-09,30,720,-0.002117,0.023532,-0.057143,0.533333,388.729167,0.000000,0,0.024568,0.004972,12.717879
TIDC,CAL,2025-10,31,744,-0.009324,0.028394,-0.116034,0.516129,300.782258,0.000000,0,0.029053,0.009734,12.304274
TIDC,CAL,2025-11,30,721,-0.004455,0.027106,-0.092593,0.566667,282.781222,0.000000,0,0.028863,0.000968,11.668621
TIDC,CAL,2025-12,30,720,-0.015943,0.030011,-0.057692,0.700000,299.559722,0.000000,0,0.034063,-0.012102,13.451714
TIDC,CAL,2026-01,31,744,-0.029051,0.031749,-0.073746,0.903226,289.565860,0.000000,0,0.032855,-0.017569,12.864837
TIDC,CAL,2026-02,28,672,-0.005946,0.025411,-0.065015,0.535714,274.927083,0.000000,0,0.032472,0.005673,11.778335
TIDC,CAL,2026-03,31,742,-0.019817,0.038217,-0.147692,0.709677,283.799906,0.000000,0,0.029125,0.003709,11.662539
TIDC,CAL,2026-04,29,696,-0.016580,0.031772,-0.104712,0.724138,271.701149,0.000000,0,0.029702,-0.001885,10.413022
TIDC,CAL,2026-05,31,740,0.004188,0.038154,-0.147239,0.322581,318.313172,0.000000,0,0.034630,0.000235,14.794173
TIDC,CAL,2026-06,30,714,0.015436,0.030315,-0.050360,0.333333,381.901389,0.000000,0,0.028769,0.014954,15.590254
TIDC,CAL,2026-07,31,744,0.010941,0.036540,-0.080224,0.483871,418.725806,0.000000,0,0.037674,0.003016,23.444684
TIDC,CAL,2026-08,31,744,-0.000182,0.032070,-0.077058,0.548387,430.922043,0.000000,0,0.028903,-0.000942,18.072063
TIDC,CAL,2026-09,7,167,-0.024293,0.025616,-0.055675,0.857143,349.261905,0.000000,0,0.026077,-0.009452,11.541386
TPWR,NW,2024-01,31,744,-0.003103,0.024474,-0.103672,0.419355,653.508065,0.000000,0,0.023386,0.008044,21.646134
TPWR,NW,2024-02,29,696,-0.001077,0.018490,-0.075000,0.482759,597.702586,0.000000,0,0.024789,0.011971,19.794018
TPWR,NW,2024-03,31,743,-0.014151,0.025772,-0.070690,0.645161,561.487669,0.000000,0,0.025363,0.007960,18.259200
TPWR,NW,2024-04,30,720,0.004472,0.016473,-0.069231,0.300000,503.752778,0.000000,0,0.020805,0.013353,13.738177
TPWR,NW,2024-05,31,744,-0.008788,0.016671,-0.058201,0.645161,459.762097,0.000000,0,0.019209,0.009092,11.740874
TPWR,NW,2024-06,30,720,0.005659,0.020062,-0.067864,0.266667,429.491667,0.000000,0,0.021967,0.016794,11.317023
TPWR,NW,2024-07,31,744,0.008109,0.022913,-0.058716,0.419355,473.747312,0.000000,0,0.022659,0.013024,13.952733
TPWR,NW,2024-08,31,744,0.009861,0.024868,-0.047619,0.322581,452.545699,0.000000,0,0.022571,0.015877,13.638674
TPWR,NW,2024-09,30,720,0.007554,0.020539,-0.050725,0.400000,436.570833,0.000000,0,0.024302,0.019151,14.478720
TPWR,NW,2024-10,31,744,0.005913,0.017464,-0.040293,0.322581,475.934140,0.000000,0,0.018516,0.012342,10.831927
TPWR,NW,2024-11,30,721,-0.007918,0.021049,-0.083936,0.566667,567.321000,0.000000,0,0.022242,0.011988,16.130407
TPWR,NW,2024-12,31,744,-0.003671,0.021723,-0.052846,0.516129,614.965054,0.000000,0,0.023268,0.007138,18.373295
TPWR,NW,2025-01,31,744,-0.009832,0.022895,-0.097304,0.645161,662.595430,0.000000,0,0.021341,0.008654,17.995594
TPWR,NW,2025-02,28,672,-0.001361,0.019407,-0.051435,0.500000,655.757440,0.000000,0,0.021480,0.008027,18.720970
TPWR,NW,2025-03,31,743,0.003390,0.016553,-0.042453,0.387097,558.131720,0.000000,0,0.021896,0.015195,15.707625
TPWR,NW,2025-04,30,720,-0.003184,0.015435,-0.082661,0.466667,488.105556,0.000000,0,0.020213,0.009501,12.845611
TPWR,NW,2025-05,31,744,0.008782,0.021988,-0.052124,0.322581,438.931452,0.000000,0,0.023476,0.017788,12.624541
TPWR,NW,2025-06,30,720,0.000218,0.019737,-0.055188,0.600000,435.750000,0.000000,0,0.019375,0.012580,11.439151
TPWR,NW,2025-07,31,744,0.010031,0.019971,-0.026104,0.387097,459.614247,0.000000,0,0.024107,0.017381,14.271607
TPWR,NW,2025-08,31,744,0.011581,0.023867,-0.043760,0.322581,454.802419,0.000000,0,0.025996,0.020046,15.323834
TPWR,NW,2025-09,30,720,0.005107,0.016088,-0.041459,0.400000,441.511111,0.000000,0,0.015900,0.012166,8.743172
TPWR,NW,2025-10,31,744,-0.006850,0.026136,-0.250000,0.451613,487.904570,0.000000,0,0.025148,0.004157,23.068796
TPWR,NW,2025-11,30,721,0.001852,0.021939,-0.067241,0.400000,541.346000,0.000000,0,0.024021,0.011800,16.163348
TPWR,NW,2025-12,31,744,0.005218,0.024639,-0.068548,0.387097,602.540323,0.000000,0,0.025432,0.011447,19.388363
TPWR,NW,2026-01,31,744,0.001476,0.020541,-0.035573,0.516129,620.642473,0.000000,0,0.025288,0.015043,19.303462
TPWR,NW,2026-02,28,672,-0.006679,0.020253,-0.087719,0.500000,596.171131,0.000000,0,0.020499,0.007206,16.048661
TPWR,NW,2026-03,31,743,-0.009286,0.022370,-0.062341,0.645161,572.759525,0.000000,0,0.026249,0.013829,18.528288
TPWR,NW,2026-04,30,720,-0.000363,0.020315,-0.079044,0.433333,486.334722,0.000000,0,0.023093,0.012188,14.116234
TPWR,NW,2026-05,31,744,0.001740,0.017917,-0.058491,0.419355,439.489247,0.000000,0,0.021498,0.016121,11.645815
TPWR,NW,2026-06,30,720,0.000959,0.015837,-0.048904,0.466667,451.200000,0.000000,0,0.018469,0.011584,10.811131
TPWR,NW,2026-07,31,744,0.003428,0.021211,-0.046358,0.419355,454.133065,0.000000,0,0.023212,0.015742,13.264979
TPWR,NW,2026-08,31,744,0.012934,0.019978,-0.045151,0.290323,456.182796,0.000000,0,0.023542,0.020758,13.819983
TPWR,NW,2026-09,7,168,0.015579,0.027976,-0.043388,0.142857,415.410714,0.000000,0,0.026185,0.021540,13.208718
TVA,TEN,2024-01,31,744,0.003427,0.030205,-0.061470,0.548387,22135.735215,0.000000,0,0.028700,0.007258,831.534977
TVA,TEN,2024-02,29,696,-0.000474,0.019659,-0.055031,0.482759,17977.270115,0.000000,0,0.024854,0.013146,556.957726
TVA,TEN,2024-03,31,743,0.005971,0.018612,-0.027214,0.419355,16206.344787,0.000000,0,0.020606,0.010906,424.354383
TVA,TEN,2024-04,30,720,0.002523,0.021504,-0.063965,0.433333,16147.623611,0.000000,0,0.019379,0.008100,422.198897
TVA,TEN,2024-05,31,744,0.004260,0.030654,-0.046690,0.580645,17697.385753,0.000000,0,0.022534,0.009383,597.158478
TVA,TEN,2024-06,30,720,0.001825,0.022201,-0.064853,0.500000,21059.276389,0.000000,0,0.020361,0.003303,603.271919
TVA,TEN,2024-07,31,744,0.008769,0.020627,-0.055579,0.451613,21908.581989,0.000000,0,0.021959,0.011247,713.439038
TVA,TEN,2024-08,31,744,0.006444,0.019334,-0.029107,0.387097,21803.536290,0.000000,0,0.019866,0.012505,594.025528
TVA,TEN,2024-09,30,720,0.004285,0.021221,-0.059546,0.400000,18458.705556,0.000000,0,0.019203,0.005304,480.331854
TVA,TEN,2024-10,31,744,0.000147,0.023814,-0.054775,0.548387,16451.071237,0.000000,0,0.017742,0.005497,398.612513
TVA,TEN,2024-11,30,721,0.009239,0.017018,-0.020713,0.366667,16593.959111,0.000000,0,0.018293,0.011877,418.473282
TVA,TEN,2024-12,31,743,-0.002131,0.016482,-0.041932,0.516129,32633.294355,0.000000,1,0.022848,0.005479,590.288182
TVA,TEN,2025-01,31,744,0.009624,0.028319,-0.084406,0.419355,23240.873656,0.000000,0,0.035201,0.019593,1074.409023
TVA,TEN,2025-02,28,672,0.001020,0.024653,-0.053154,0.500000,19879.553571,0.000000,0,0.026247,0.010543,728.220278
TVA,TEN,2025-03,31,743,0.006281,0.020695,-0.040792,0.387097,16826.621260,0.000000,0,0.021004,0.011296,436.261607
TVA,TEN,2025-04,30,720,0.011516,0.023721,-0.058086,0.366667,16845.338889,0.000000,0,0.018597,0.009552,428.809246
TVA,TEN,2025-05,31,744,0.005293,0.027360,-0.051215,0.451613,17125.947581,0.000000,0,0.020461,0.008804,508.036315
TVA,TEN,2025-06,30,720,0.010319,0.025238,-0.044130,0.300000,21165.272222,0.000000,0,0.023380,0.013066,712.466159
TVA,TEN,2025-07,31,744,0.011747,0.020920,-0.031716,0.258065,23739.302419,0.000000,0,0.022722,0.014171,741.996197
TVA,TEN,2025-08,31,744,0.012208,0.021409,-0.034795,0.354839,21421.336022,0.000000,0,0.022324,0.013398,602.886038
TVA,TEN,2025-09,30,720,0.021227,0.031755,-0.058507,0.166667,19240.300000,0.000000,0,0.024474,0.016762,700.466043
TVA,TEN,2025-10,31,744,0.013927,0.021959,-0.023044,0.419355,16789.440860,0.000000,0,0.018932,0.012924,438.465941
TVA,TEN,2025-11,30,721,0.010902,0.020616,-0.031467,0.266667,17323.312000,0.000000,0,0.017989,0.007391,448.528290
TVA,TEN,2025-12,31,744,0.006562,0.021322,-0.043332,0.483871,20216.080645,0.000000,0,0.026260,0.013653,722.742063
TVA,TEN,2026-01,31,744,0.018930,0.030258,-0.035507,0.354839,22040.482527,0.000000,0,0.032049,0.024453,1062.564528
TVA,TEN,2026-02,28,672,0.003255,0.015537,-0.040009,0.464286,20197.034226,0.000000,0,0.018684,0.006938,582.032291
TVA,TEN,2026-03,31,743,0.015486,0.025100,-0.035458,0.322581,16901.196879,0.000000,0,0.025343,0.016497,550.618161
TVA,TEN,2026-04,30,720,0.018916,0.033286,-0.058204,0.300000,16903.205556,0.000000,0,0.026132,0.013891,625.120844
TVA,TEN,2026-05,31,744,0.002685,0.025825,-0.064258,0.354839,17997.654570,0.000000,0,0.018687,0.003190,462.131987
TVA,TEN,2026-06,30,720,0.019710,0.023809,-0.020270,0.166667,21074.983333,0.000000,0,0.022524,0.013577,701.268203
TVA,TEN,2026-07,31,742,0.008126,0.024122,-0.050946,0.451613,22825.364247,0.000000,0,0.026724,0.011064,919.847445
TVA,TEN,2026-08,31,743,0.007069,0.017755,-0.033067,0.354839,24352.985215,0.000000,1,0.021499,0.012137,783.604868
TVA,TEN,2026-09,7,168,0.014552,0.015059,-0.001776,0.142857,24801.160714,0.000000,0,0.021367,0.006633,576.895004
WACM,NW,2024-01,31,743,-0.162339,0.162339,-0.213045,1.000000,4079.904570,0.000000,1,0.154857,-0.151459,669.082465
WACM,NW,2024-02,29,695,-0.151761,0.151761,-0.199080,1.000000,3772.136494,0.000000,1,0.139525,-0.138690,552.187266
WACM,NW,2024-03,31,744,-0.174113,0.174113,-0.231388,1.000000,3725.334677,0.000000,0,0.158164,-0.158164,608.538486
WACM,NW,2024-04,30,717,-0.166864,0.166864,-0.230653,1.000000,3495.511111,0.000000,0,0.142623,-0.142409,531.892187
WACM,NW,2024-05,31,744,-0.212377,0.212377,-0.256517,1.000000,3535.803763,0.000000,0,0.173524,-0.173524,646.966906
WACM,NW,2024-06,30,720,-0.206143,0.206143,-0.261649,1.000000,4049.995833,0.000000,0,0.179416,-0.178739,763.165525
WACM,NW,2024-07,31,742,-0.176935,0.176935,-0.215651,1.000000,4288.040323,0.000000,2,0.157413,-0.154912,706.698476
WACM,NW,2024-08,31,743,-0.199604,0.199604,-0.486884,1.000000,4234.956989,0.002688,1,0.157493,-0.157493,718.294726
WACM,NW,2024-09,30,720,-0.192948,0.192948,-0.237365,1.000000,3843.230556,0.000000,0,0.164589,-0.164589,662.180683
WACM,NW,2024-10,31,744,-0.199319,0.199319,-0.251759,1.000000,3540.475806,0.000000,0,0.173552,-0.173552,644.167279
WACM,NW,2024-11,30,720,-0.202844,0.202844,-0.261857,1.000000,3845.425000,0.000000,0,0.172824,-0.169246,690.770061
WACM,NW,2024-12,31,743,-0.176141,0.176141,-0.266358,1.000000,3963.005376,0.000000,0,0.160397,-0.160397,658.967821
WACM,NW,2025-01,31,744,-0.169572,0.169572,-0.248318,1.000000,4302.411290,0.000000,0,0.159724,-0.159630,713.499041
WACM,NW,2025-02,28,672,-0.185437,0.185437,-0.244921,1.000000,4169.191964,0.000000,0,0.160959,-0.160122,704.277308
WACM,NW,2025-03,30,720,-0.202555,0.202555,-0.269382,1.000000,3930.837500,0.000000,0,0.180895,-0.180895,736.047984
WACM,NW,2025-04,30,720,-0.214866,0.214866,-0.269413,1.000000,3771.575000,0.000000,0,0.179492,-0.179492,707.424306
WACM,NW,2025-05,31,743,-0.191808,0.191808,-0.270058,1.000000,3610.186828,0.000000,1,0.156311,-0.156311,607.377641
WACM,NW,2025-06,30,716,-0.180960,0.180960,-0.253270,1.000000,3883.500000,0.000000,4,0.158388,-0.158388,641.704452
WACM,NW,2025-07,31,743,-0.155422,0.155422,-0.242868,1.000000,4308.533602,0.000000,0,0.143359,-0.139547,640.086525
WACM,NW,2025-08,31,744,-0.141216,0.141216,-0.193647,1.000000,4177.654570,0.000000,0,0.130459,-0.130459,565.845770
WACM,NW,2025-09,30,720,-0.155182,0.155182,-0.202038,1.000000,3695.325000,0.000000,0,0.146407,-0.146407,557.564099
WACM,NW,2025-10,31,742,-0.197942,0.197942,-0.258569,1.000000,3699.907258,0.000000,2,0.171349,-0.170915,642.020656
WACM,NW,2025-11,30,718,-0.199367,0.199367,-0.245953,1.000000,3783.752778,0.000000,0,0.173918,-0.173918,679.225118
WACM,NW,2025-12,31,742,-0.174265,0.174265,-0.328995,1.000000,3809.298387,0.000000,1,0.119822,-0.118734,542.521120
WACM,NW,2026-01,31,743,-0.132154,0.132154,-0.507064,1.000000,3874.629032,0.006720,1,0.102530,-0.102392,518.561653
WACM,NW,2026-02,28,670,-0.106762,0.106762,-0.180665,1.000000,5216.334821,0.000000,1,0.085699,-0.085513,341.412767
WACM,NW,2026-03,23,551,-0.157281,0.157281,-0.226001,1.000000,8245.010870,0.000000,1,0.112311,-0.112268,434.386780
WALC,SW,2024-01,31,743,-0.057165,0.120206,-0.300802,0.645161,711.502688,0.000000,1,0.115188,-0.008470,100.200069
WALC,SW,2024-02,28,671,-0.086197,0.139881,-0.419792,0.714286,711.706845,0.000000,1,0.089989,-0.012012,100.113587
WALC,SW,2024-03,31,744,-0.083207,0.089971,-0.285106,0.806452,894.841398,0.000000,0,0.069437,-0.052984,89.075878
WALC,SW,2024-04,30,719,-0.074927,0.122334,-0.308501,0.766667,1029.130556,0.000000,1,0.065561,-0.026522,97.932131
WALC,SW,2024-05,31,743,-0.057057,0.114420,-0.268871,0.612903,1159.809140,0.000000,0,0.073828,-0.027775,117.765959
WALC,SW,2024-06,30,712,-0.062797,0.099569,-0.261651,0.733333,1262.018056,0.000000,7,0.092683,-0.001806,150.300981
WALC,SW,2024-07,31,734,0.000321,0.065045,-0.187758,0.483871,1273.088710,0.000000,8,0.066018,0.010463,108.005569
WALC,SW,2024-08,31,735,-0.032938,0.127423,-0.478974,0.516129,-432.540323,0.000000,2,0.101254,0.017017,154.840919
WALC,SW,2024-09,30,713,-0.017603,0.143728,-0.287706,0.633333,1217.061111,0.000000,3,0.118435,0.000843,165.866542
WALC,SW,2024-10,31,738,0.026457,0.148413,-0.546392,0.322581,922.130376,0.000000,1,0.132289,0.102097,160.462251
WALC,SW,2024-11,30,697,-0.055730,0.099827,-0.352736,0.766667,421.752778,0.000000,6,0.106028,0.044256,103.538791
WALC,SW,2024-12,30,677,-0.024709,0.083000,-0.199085,0.533333,1112.069444,0.000000,23,0.100994,0.030932,88.973259
WALC,SW,2025-01,30,718,-0.058010,0.160864,-0.406709,0.633333,773.002778,0.000000,0,0.157546,0.030174,158.171203
WALC,SW,2025-02,28,672,-0.078784,0.118866,-0.356602,0.714286,766.297619,0.000000,0,0.135968,-0.050529,124.833800
WALC,SW,2025-03,31,744,-0.115011,0.119880,-0.291789,0.903226,1092.522849,0.000000,0,0.080549,-0.049199,119.723634
WALC,SW,2025-04,30,720,-0.031033,0.079846,-0.241029,0.566667,1255.741667,0.000000,0,0.085678,-0.000150,148.422787
WALC,SW,2025-05,31,744,-0.066046,0.094235,-0.269231,0.709677,1333.204301,0.000000,0,0.094459,-0.021104,156.759147
WALC,SW,2025-06,30,720,-0.010330,0.089041,-0.240730,0.633333,1277.268056,0.000000,0,0.100903,0.041868,158.080720
WALC,SW,2025-07,31,744,0.001032,0.133222,-0.219048,0.516129,1218.780914,0.000000,0,0.119795,0.014599,183.115188
WALC,SW,2025-08,31,740,0.009374,0.091066,-0.331060,0.419355,1254.580645,0.000000,4,0.106589,0.014487,162.008091
WALC,SW,2025-09,30,720,0.016380,0.081213,-0.138539,0.500000,1147.613889,0.000000,0,0.103495,0.032127,144.662534
WALC,SW,2025-10,31,743,-0.009118,0.108878,-0.372303,0.612903,849.435484,0.000000,0,0.149021,0.074571,159.106502
WALC,SW,2025-11,30,720,0.006248,0.131913,-0.346032,0.500000,683.494444,0.000000,0,0.182218,0.093658,150.062427
WALC,SW,2025-12,31,744,-0.153762,0.159766,-0.403941,0.870968,695.229839,0.000000,0,0.116820,-0.015440,114.590059
WALC,SW,2026-01,31,743,-0.115412,0.142132,-0.386029,0.774194,785.022849,0.000000,0,0.125152,-0.018656,128.248901
WALC,SW,2026-02,28,668,-0.082388,0.148241,-0.408738,0.642857,757.129464,0.000000,1,0.161964,0.043673,152.407815
WALC,SW,2026-03,31,741,-0.167715,0.207595,-0.620803,0.741935,1051.513441,0.000000,2,0.213409,-0.090096,295.526964
WALC,SW,2026-04,29,688,-0.098615,0.217021,-0.434850,0.758621,1006.518678,0.000000,5,0.275982,0.056523,290.045974
WALC,SW,2026-05,31,737,-0.057247,0.173986,-0.500377,0.677419,785.435484,0.000000,3,0.258197,0.069619,285.737364
WALC,SW,2026-06,30,720,-0.108086,0.165460,-0.614770,0.700000,1147.429167,0.000000,0,0.152304,0.012478,218.774011
WALC,SW,2026-07,31,743,-0.053831,0.126407,-0.372118,0.677419,979.956989,0.000000,0,0.125736,-0.007215,187.399100
WALC,SW,2026-08,31,733,0.004603,0.120816,-0.359543,0.548387,996.028226,0.000000,5,0.138898,0.049022,184.299270
WALC,SW,2026-09,7,164,-0.063907,0.147645,-0.340408,0.571429,901.654762,0.000000,1,0.176932,0.135216,194.107872
WAUW,NW,2024-01,31,744,-0.014013,0.051238,-0.113333,0.580645,111.653226,0.000000,0,0.055884,0.020872,7.917416
WAUW,NW,2024-02,29,696,-0.088700,0.098172,-0.201835,0.827586,101.227011,0.000000,0,0.080562,-0.048038,10.315567
WAUW,NW,2024-03,31,743,-0.030111,0.092156,-0.226891,0.645161,95.038102,0.000000,0,0.102600,0.024682,12.346391
WAUW,NW,2024-04,30,720,-0.015744,0.045339,-0.119048,0.566667,80.076389,0.000000,0,0.071664,0.030439,7.060453
WAUW,NW,2024-05,31,744,-0.012125,0.043716,-0.163043,0.580645,77.322581,0.000000,0,0.070614,0.045502,7.313267
WAUW,NW,2024-06,30,720,0.009165,0.094064,-0.214815,0.533333,97.855556,0.000000,0,0.107446,0.032629,12.584106
WAUW,NW,2024-07,31,744,-0.011759,0.093791,-0.237288,0.645161,109.477151,0.000000,0,0.096028,0.026405,13.827276
WAUW,NW,2024-08,31,744,0.024328,0.094707,-0.208633,0.387097,97.962366,0.000000,0,0.101829,0.061323,12.809659
WAUW,NW,2024-09,30,720,-0.040094,0.068977,-0.200000,0.666667,77.715278,0.000000,0,0.086475,0.056189,8.383681
WAUW,NW,2024-10,31,744,0.056567,0.093409,-0.108434,0.387097,69.276882,0.000000,0,0.150481,0.140822,12.838429
WAUW,NW,2024-11,30,721,-0.021862,0.130045,-0.198020,0.633333,86.079278,0.000000,0,0.117819,0.040212,12.326353
WAUW,NW,2024-12,31,744,0.017751,0.090771,-0.138889,0.580645,94.298387,0.000000,0,0.095676,0.046778,11.239093
WAUW,NW,2025-01,31,744,-0.032783,0.071518,-0.181034,0.677419,102.172043,0.000000,0,0.080172,-0.021838,9.939535
WAUW,NW,2025-02,28,672,-0.145566,0.169764,-0.370370,0.821429,110.714286,0.000000,0,0.168437,-0.131663,23.112980
WAUW,NW,2025-03,31,743,0.056856,0.081875,-0.101010,0.322581,82.691211,0.000000,0,0.122377,0.108882,12.964440
WAUW,NW,2025-04,30,720,0.012697,0.059321,-0.094595,0.466667,77.816667,0.000000,0,0.087985,0.063500,8.940001
WAUW,NW,2025-05,31,744,-0.139247,0.141397,-0.289256,0.935484,84.806452,0.000000,0,0.099830,-0.088426,11.141864
WAUW,NW,2025-06,30,720,-0.067034,0.145465,-0.366412,0.700000,97.780556,0.000000,0,0.124290,-0.018164,16.349312
WAUW,NW,2025-07,31,744,0.074313,0.163976,-0.415584,0.322581,105.905914,0.000000,0,0.197410,0.136607,23.910564
WAUW,NW,2025-08,31,744,0.081926,0.142559,-0.211864,0.354839,92.438172,0.000000,0,0.153248,0.119472,17.439296
WAUW,NW,2025-09,30,720,-0.062571,0.137457,-0.247863,0.800000,79.777778,0.000000,0,0.112771,0.021518,11.454499
WAUW,NW,2025-10,31,744,-0.027117,0.084625,-0.186047,0.548387,76.924731,0.000000,0,0.090262,0.027591,8.333360
WAUW,NW,2025-11,30,721,0.025930,0.121961,-0.242105,0.366667,86.292611,0.000000,0,0.144864,0.072513,14.207302
WAUW,NW,2025-12,31,741,0.152854,0.269218,-0.215385,0.548387,91.534946,0.000000,3,0.303469,0.200972,25.474366
WAUW,NW,2026-01,31,744,0.013220,0.132053,-0.240000,0.483871,99.311828,0.000000,0,0.149196,0.062090,18.478919
WAUW,NW,2026-02,28,672,-0.045839,0.110618,-0.292453,0.571429,95.023810,0.000000,0,0.110416,0.005624,12.538334
WAUW,NW,2026-03,31,743,-0.017258,0.097912,-0.500000,0.516129,87.917602,0.000000,0,0.115036,0.068724,13.018312
